temp,rate
17.804811266566077, 0.0518098945545129
19.982291824775388, 0.06719975714502548
25.02334800582139, 0.08413746305836556
25.621765281857606, 0.08496852706672262
28.08596947051069, 0.09995089329559557
30.084463531575622, 0.11026401549986162
31.20362020577197, 0.1112393639342506
32.128373853804874, 0.09081776055570932
