temp,rate
13.258232235701904, 0.008191661514657049
17.833622183708837, 0.014963395393934476
20.017331022530325, 0.02010391856784268
25.086655112651652, 0.02792700024662079
25.684575389948005, 0.027535582650058617
28.076256499133446, 0.03189583818973585
30.181975736568443, 0.03001902020601282
31.221837088388202, 0.031692730767801464
32.157712305026, 0.0299359123786744
