system:index,SOS,year,.geo
"0_29001,11604_0",114.0,2001,"{""type"":""MultiPoint"",""coordinates"":[]}"
"0_29002,11604_0",106.0,2001,"{""type"":""MultiPoint"",""coordinates"":[]}"
"0_29003,11604_0",106.0,2001,"{""type"":""MultiPoint"",""coordinates"":[]}"
"0_29004,11604_0",103.0,2001,"{""type"":""MultiPoint"",""coordinates"":[]}"
"0_29005,11604_0",109.0,2001,"{""type"":""MultiPoint"",""coordinates"":[]}"
"0_29006,11604_0",111.0,2001,"{""type"":""MultiPoint"",""coordinates"":[]}"
"0_29007,11604_0",101.0,2001,"{""type"":""MultiPoint"",""coordinates"":[]}"
"0_29008,11604_0",114.0,2001,"{""type"":""MultiPoint"",""coordinates"":[]}"
"0_29009,11604_0",114.0,2001,"{""type"":""MultiPoint"",""coordinates"":[]}"
"0_29010,11604_0",103.0,2001,"{""type"":""MultiPoint"",""coordinates"":[]}"
"0_29001,11605_0",100.0,2001,"{""type"":""MultiPoint"",""coordinates"":[]}"
"0_29002,11605_0",112.0,2001,"{""type"":""MultiPoint"",""coordinates"":[]}"
"0_29003,11605_0",111.0,2001,"{""type"":""MultiPoint"",""coordinates"":[]}"
"0_29004,11605_0",108.0,2001,"{""type"":""MultiPoint"",""coordinates"":[]}"
"0_29005,11605_0",108.0,2001,"{""type"":""MultiPoint"",""coordinates"":[]}"
"0_29006,11605_0",98.0,2001,"{""type"":""MultiPoint"",""coordinates"":[]}"
"0_29007,11605_0",103.0,2001,"{""type"":""MultiPoint"",""coordinates"":[]}"
"0_29008,11605_0",104.0,2001,"{""type"":""MultiPoint"",""coordinates"":[]}"
"0_29009,11605_0",109.0,2001,"{""type"":""MultiPoint"",""coordinates"":[]}"
"0_29010,11605_0",97.0,2001,"{""type"":""MultiPoint"",""coordinates"":[]}"
"0_29001,11606_0",105.0,2001,"{""type"":""MultiPoint"",""coordinates"":[]}"
"0_29002,11606_0",108.0,2001,"{""type"":""MultiPoint"",""coordinates"":[]}"
"0_29003,11606_0",102.0,2001,"{""type"":""MultiPoint"",""coordinates"":[]}"
"0_29004,11606_0",110.0,2001,"{""type"":""MultiPoint"",""coordinates"":[]}"
"0_29005,11606_0",100.0,2001,"{""type"":""MultiPoint"",""coordinates"":[]}"
"0_29006,11606_0",109.0,2001,"{""type"":""MultiPoint"",""coordinates"":[]}"
"0_29007,11606_0",105.0,2001,"{""type"":""MultiPoint"",""coordinates"":[]}"
"0_29008,11606_0",103.0,2001,"{""type"":""MultiPoint"",""coordinates"":[]}"
"0_29009,11606_0",107.0,2001,"{""type"":""MultiPoint"",""coordinates"":[]}"
"0_29010,11606_0",112.0,2001,"{""type"":""MultiPoint"",""coordinates"":[]}"
"0_29001,11607_0",107.0,2001,"{""type"":""MultiPoint"",""coordinates"":[]}"
"0_29002,11607_0",111.0,2001,"{""type"":""MultiPoint"",""coordinates"":[]}"
"0_29003,11607_0",102.0,2001,"{""type"":""MultiPoint"",""coordinates"":[]}"
"0_29004,11607_0",106.0,2001,"{""type"":""MultiPoint"",""coordinates"":[]}"
"0_29005,11607_0",103.0,2001,"{""type"":""MultiPoint"",""coordinates"":[]}"
"0_29006,11607_0",103.0,2001,"{""type"":""MultiPoint"",""coordinates"":[]}"
"0_29007,11607_0",115.0,2001,"{""type"":""MultiPoint"",""coordinates"":[]}"
"0_29008,11607_0",116.0,2001,"{""type"":""MultiPoint"",""coordinates"":[]}"
"0_29009,11607_0",117.0,2001,"{""type"":""MultiPoint"",""coordinates"":[]}"
"0_29010,11607_0",122.0,2001,"{""type"":""MultiPoint"",""coordinates"":[]}"
"0_29001,11608_0",105.0,2001,"{""type"":""MultiPoint"",""coordinates"":[]}"
"0_29002,11608_0",105.0,2001,"{""type"":""MultiPoint"",""coordinates"":[]}"
"0_29003,11608_0",104.0,2001,"{""type"":""MultiPoint"",""coordinates"":[]}"
"0_29004,11608_0",105.0,2001,"{""type"":""MultiPoint"",""coordinates"":[]}"
"0_29005,11608_0",110.0,2001,"{""type"":""MultiPoint"",""coordinates"":[]}"
"0_29006,11608_0",112.0,2001,"{""type"":""MultiPoint"",""coordinates"":[]}"
"0_29007,11608_0",112.0,2001,"{""type"":""MultiPoint"",""coordinates"":[]}"
"0_29008,11608_0",117.0,2001,"{""type"":""MultiPoint"",""coordinates"":[]}"
"0_29009,11608_0",95.0,2001,"{""type"":""MultiPoint"",""coordinates"":[]}"
"0_29010,11608_0",114.0,2001,"{""type"":""MultiPoint"",""coordinates"":[]}"
"0_29001,11609_0",108.0,2001,"{""type"":""MultiPoint"",""coordinates"":[]}"
"0_29002,11609_0",105.0,2001,"{""type"":""MultiPoint"",""coordinates"":[]}"
"0_29003,11609_0",104.0,2001,"{""type"":""MultiPoint"",""coordinates"":[]}"
"0_29004,11609_0",108.0,2001,"{""type"":""MultiPoint"",""coordinates"":[]}"
"0_29005,11609_0",102.0,2001,"{""type"":""MultiPoint"",""coordinates"":[]}"
"0_29006,11609_0",106.0,2001,"{""type"":""MultiPoint"",""coordinates"":[]}"
"0_29007,11609_0",103.0,2001,"{""type"":""MultiPoint"",""coordinates"":[]}"
"0_29008,11609_0",99.0,2001,"{""type"":""MultiPoint"",""coordinates"":[]}"
"0_29009,11609_0",111.0,2001,"{""type"":""MultiPoint"",""coordinates"":[]}"
"0_29010,11609_0",110.0,2001,"{""type"":""MultiPoint"",""coordinates"":[]}"
"0_29001,11610_0",103.0,2001,"{""type"":""MultiPoint"",""coordinates"":[]}"
"0_29002,11610_0",109.0,2001,"{""type"":""MultiPoint"",""coordinates"":[]}"
"0_29003,11610_0",103.0,2001,"{""type"":""MultiPoint"",""coordinates"":[]}"
"0_29004,11610_0",111.0,2001,"{""type"":""MultiPoint"",""coordinates"":[]}"
"0_29005,11610_0",110.0,2001,"{""type"":""MultiPoint"",""coordinates"":[]}"
"0_29006,11610_0",117.0,2001,"{""type"":""MultiPoint"",""coordinates"":[]}"
"0_29007,11610_0",106.0,2001,"{""type"":""MultiPoint"",""coordinates"":[]}"
"0_29008,11610_0",108.0,2001,"{""type"":""MultiPoint"",""coordinates"":[]}"
"0_29009,11610_0",99.0,2001,"{""type"":""MultiPoint"",""coordinates"":[]}"
"0_29010,11610_0",123.0,2001,"{""type"":""MultiPoint"",""coordinates"":[]}"
"0_29001,11611_0",99.0,2001,"{""type"":""MultiPoint"",""coordinates"":[]}"
"0_29002,11611_0",109.0,2001,"{""type"":""MultiPoint"",""coordinates"":[]}"
"0_29003,11611_0",107.0,2001,"{""type"":""MultiPoint"",""coordinates"":[]}"
"0_29004,11611_0",100.0,2001,"{""type"":""MultiPoint"",""coordinates"":[]}"
"0_29005,11611_0",101.0,2001,"{""type"":""MultiPoint"",""coordinates"":[]}"
"0_29006,11611_0",112.0,2001,"{""type"":""MultiPoint"",""coordinates"":[]}"
"0_29007,11611_0",110.0,2001,"{""type"":""MultiPoint"",""coordinates"":[]}"
"0_29008,11611_0",93.0,2001,"{""type"":""MultiPoint"",""coordinates"":[]}"
"0_29009,11611_0",84.0,2001,"{""type"":""MultiPoint"",""coordinates"":[]}"
"0_29010,11611_0",86.0,2001,"{""type"":""MultiPoint"",""coordinates"":[]}"
"0_29001,11612_0",104.0,2001,"{""type"":""MultiPoint"",""coordinates"":[]}"
"0_29002,11612_0",106.0,2001,"{""type"":""MultiPoint"",""coordinates"":[]}"
"0_29003,11612_0",107.0,2001,"{""type"":""MultiPoint"",""coordinates"":[]}"
"0_29004,11612_0",105.0,2001,"{""type"":""MultiPoint"",""coordinates"":[]}"
"0_29005,11612_0",101.0,2001,"{""type"":""MultiPoint"",""coordinates"":[]}"
"0_29006,11612_0",116.0,2001,"{""type"":""MultiPoint"",""coordinates"":[]}"
"0_29007,11612_0",98.0,2001,"{""type"":""MultiPoint"",""coordinates"":[]}"
"0_29008,11612_0",105.0,2001,"{""type"":""MultiPoint"",""coordinates"":[]}"
"0_29009,11612_0",113.0,2001,"{""type"":""MultiPoint"",""coordinates"":[]}"
"0_29010,11612_0",109.0,2001,"{""type"":""MultiPoint"",""coordinates"":[]}"
"0_29001,11613_0",101.0,2001,"{""type"":""MultiPoint"",""coordinates"":[]}"
"0_29002,11613_0",108.0,2001,"{""type"":""MultiPoint"",""coordinates"":[]}"
"0_29003,11613_0",106.0,2001,"{""type"":""MultiPoint"",""coordinates"":[]}"
"0_29004,11613_0",103.0,2001,"{""type"":""MultiPoint"",""coordinates"":[]}"
"0_29005,11613_0",101.0,2001,"{""type"":""MultiPoint"",""coordinates"":[]}"
"0_29006,11613_0",102.0,2001,"{""type"":""MultiPoint"",""coordinates"":[]}"
"0_29007,11613_0",99.0,2001,"{""type"":""MultiPoint"",""coordinates"":[]}"
"0_29008,11613_0",98.0,2001,"{""type"":""MultiPoint"",""coordinates"":[]}"
"0_29009,11613_0",112.0,2001,"{""type"":""MultiPoint"",""coordinates"":[]}"
"0_29010,11613_0",104.0,2001,"{""type"":""MultiPoint"",""coordinates"":[]}"
"1_29001,11604_0",119.0,2002,"{""type"":""MultiPoint"",""coordinates"":[]}"
"1_29002,11604_0",118.0,2002,"{""type"":""MultiPoint"",""coordinates"":[]}"
"1_29003,11604_0",119.0,2002,"{""type"":""MultiPoint"",""coordinates"":[]}"
"1_29004,11604_0",116.0,2002,"{""type"":""MultiPoint"",""coordinates"":[]}"
"1_29005,11604_0",102.0,2002,"{""type"":""MultiPoint"",""coordinates"":[]}"
"1_29006,11604_0",98.0,2002,"{""type"":""MultiPoint"",""coordinates"":[]}"
"1_29007,11604_0",101.0,2002,"{""type"":""MultiPoint"",""coordinates"":[]}"
"1_29008,11604_0",114.0,2002,"{""type"":""MultiPoint"",""coordinates"":[]}"
"1_29009,11604_0",116.0,2002,"{""type"":""MultiPoint"",""coordinates"":[]}"
"1_29010,11604_0",117.0,2002,"{""type"":""MultiPoint"",""coordinates"":[]}"
"1_29001,11605_0",116.0,2002,"{""type"":""MultiPoint"",""coordinates"":[]}"
"1_29002,11605_0",116.0,2002,"{""type"":""MultiPoint"",""coordinates"":[]}"
"1_29003,11605_0",113.0,2002,"{""type"":""MultiPoint"",""coordinates"":[]}"
"1_29004,11605_0",109.0,2002,"{""type"":""MultiPoint"",""coordinates"":[]}"
"1_29005,11605_0",99.0,2002,"{""type"":""MultiPoint"",""coordinates"":[]}"
"1_29006,11605_0",114.0,2002,"{""type"":""MultiPoint"",""coordinates"":[]}"
"1_29007,11605_0",115.0,2002,"{""type"":""MultiPoint"",""coordinates"":[]}"
"1_29008,11605_0",114.0,2002,"{""type"":""MultiPoint"",""coordinates"":[]}"
"1_29009,11605_0",117.0,2002,"{""type"":""MultiPoint"",""coordinates"":[]}"
"1_29010,11605_0",116.0,2002,"{""type"":""MultiPoint"",""coordinates"":[]}"
"1_29001,11606_0",110.0,2002,"{""type"":""MultiPoint"",""coordinates"":[]}"
"1_29002,11606_0",111.0,2002,"{""type"":""MultiPoint"",""coordinates"":[]}"
"1_29003,11606_0",111.0,2002,"{""type"":""MultiPoint"",""coordinates"":[]}"
"1_29004,11606_0",110.0,2002,"{""type"":""MultiPoint"",""coordinates"":[]}"
"1_29005,11606_0",113.0,2002,"{""type"":""MultiPoint"",""coordinates"":[]}"
"1_29006,11606_0",112.0,2002,"{""type"":""MultiPoint"",""coordinates"":[]}"
"1_29007,11606_0",107.0,2002,"{""type"":""MultiPoint"",""coordinates"":[]}"
"1_29008,11606_0",111.0,2002,"{""type"":""MultiPoint"",""coordinates"":[]}"
"1_29009,11606_0",116.0,2002,"{""type"":""MultiPoint"",""coordinates"":[]}"
"1_29010,11606_0",115.0,2002,"{""type"":""MultiPoint"",""coordinates"":[]}"
"1_29001,11607_0",114.0,2002,"{""type"":""MultiPoint"",""coordinates"":[]}"
"1_29002,11607_0",114.0,2002,"{""type"":""MultiPoint"",""coordinates"":[]}"
"1_29003,11607_0",106.0,2002,"{""type"":""MultiPoint"",""coordinates"":[]}"
"1_29004,11607_0",115.0,2002,"{""type"":""MultiPoint"",""coordinates"":[]}"
"1_29005,11607_0",108.0,2002,"{""type"":""MultiPoint"",""coordinates"":[]}"
"1_29006,11607_0",104.0,2002,"{""type"":""MultiPoint"",""coordinates"":[]}"
"1_29007,11607_0",109.0,2002,"{""type"":""MultiPoint"",""coordinates"":[]}"
"1_29008,11607_0",122.0,2002,"{""type"":""MultiPoint"",""coordinates"":[]}"
"1_29009,11607_0",117.0,2002,"{""type"":""MultiPoint"",""coordinates"":[]}"
"1_29010,11607_0",111.0,2002,"{""type"":""MultiPoint"",""coordinates"":[]}"
"1_29001,11608_0",108.0,2002,"{""type"":""MultiPoint"",""coordinates"":[]}"
"1_29002,11608_0",109.0,2002,"{""type"":""MultiPoint"",""coordinates"":[]}"
"1_29003,11608_0",112.0,2002,"{""type"":""MultiPoint"",""coordinates"":[]}"
"1_29004,11608_0",110.0,2002,"{""type"":""MultiPoint"",""coordinates"":[]}"
"1_29005,11608_0",110.0,2002,"{""type"":""MultiPoint"",""coordinates"":[]}"
"1_29006,11608_0",111.0,2002,"{""type"":""MultiPoint"",""coordinates"":[]}"
"1_29007,11608_0",115.0,2002,"{""type"":""MultiPoint"",""coordinates"":[]}"
"1_29008,11608_0",115.0,2002,"{""type"":""MultiPoint"",""coordinates"":[]}"
"1_29009,11608_0",116.0,2002,"{""type"":""MultiPoint"",""coordinates"":[]}"
"1_29010,11608_0",119.0,2002,"{""type"":""MultiPoint"",""coordinates"":[]}"
"1_29001,11609_0",110.0,2002,"{""type"":""MultiPoint"",""coordinates"":[]}"
"1_29002,11609_0",112.0,2002,"{""type"":""MultiPoint"",""coordinates"":[]}"
"1_29003,11609_0",114.0,2002,"{""type"":""MultiPoint"",""coordinates"":[]}"
"1_29004,11609_0",113.0,2002,"{""type"":""MultiPoint"",""coordinates"":[]}"
"1_29005,11609_0",114.0,2002,"{""type"":""MultiPoint"",""coordinates"":[]}"
"1_29006,11609_0",113.0,2002,"{""type"":""MultiPoint"",""coordinates"":[]}"
"1_29007,11609_0",113.0,2002,"{""type"":""MultiPoint"",""coordinates"":[]}"
"1_29008,11609_0",115.0,2002,"{""type"":""MultiPoint"",""coordinates"":[]}"
"1_29009,11609_0",111.0,2002,"{""type"":""MultiPoint"",""coordinates"":[]}"
"1_29010,11609_0",112.0,2002,"{""type"":""MultiPoint"",""coordinates"":[]}"
"1_29001,11610_0",115.0,2002,"{""type"":""MultiPoint"",""coordinates"":[]}"
"1_29002,11610_0",112.0,2002,"{""type"":""MultiPoint"",""coordinates"":[]}"
"1_29003,11610_0",113.0,2002,"{""type"":""MultiPoint"",""coordinates"":[]}"
"1_29004,11610_0",115.0,2002,"{""type"":""MultiPoint"",""coordinates"":[]}"
"1_29005,11610_0",113.0,2002,"{""type"":""MultiPoint"",""coordinates"":[]}"
"1_29006,11610_0",116.0,2002,"{""type"":""MultiPoint"",""coordinates"":[]}"
"1_29007,11610_0",111.0,2002,"{""type"":""MultiPoint"",""coordinates"":[]}"
"1_29008,11610_0",107.0,2002,"{""type"":""MultiPoint"",""coordinates"":[]}"
"1_29009,11610_0",103.0,2002,"{""type"":""MultiPoint"",""coordinates"":[]}"
"1_29010,11610_0",107.0,2002,"{""type"":""MultiPoint"",""coordinates"":[]}"
"1_29001,11611_0",113.0,2002,"{""type"":""MultiPoint"",""coordinates"":[]}"
"1_29002,11611_0",116.0,2002,"{""type"":""MultiPoint"",""coordinates"":[]}"
"1_29003,11611_0",116.0,2002,"{""type"":""MultiPoint"",""coordinates"":[]}"
"1_29004,11611_0",110.0,2002,"{""type"":""MultiPoint"",""coordinates"":[]}"
"1_29005,11611_0",117.0,2002,"{""type"":""MultiPoint"",""coordinates"":[]}"
"1_29006,11611_0",115.0,2002,"{""type"":""MultiPoint"",""coordinates"":[]}"
"1_29007,11611_0",108.0,2002,"{""type"":""MultiPoint"",""coordinates"":[]}"
"1_29008,11611_0",106.0,2002,"{""type"":""MultiPoint"",""coordinates"":[]}"
"1_29009,11611_0",108.0,2002,"{""type"":""MultiPoint"",""coordinates"":[]}"
"1_29010,11611_0",107.0,2002,"{""type"":""MultiPoint"",""coordinates"":[]}"
"1_29001,11612_0",101.0,2002,"{""type"":""MultiPoint"",""coordinates"":[]}"
"1_29002,11612_0",104.0,2002,"{""type"":""MultiPoint"",""coordinates"":[]}"
"1_29003,11612_0",113.0,2002,"{""type"":""MultiPoint"",""coordinates"":[]}"
"1_29004,11612_0",109.0,2002,"{""type"":""MultiPoint"",""coordinates"":[]}"
"1_29005,11612_0",109.0,2002,"{""type"":""MultiPoint"",""coordinates"":[]}"
"1_29006,11612_0",113.0,2002,"{""type"":""MultiPoint"",""coordinates"":[]}"
"1_29007,11612_0",110.0,2002,"{""type"":""MultiPoint"",""coordinates"":[]}"
"1_29008,11612_0",104.0,2002,"{""type"":""MultiPoint"",""coordinates"":[]}"
"1_29009,11612_0",110.0,2002,"{""type"":""MultiPoint"",""coordinates"":[]}"
"1_29010,11612_0",110.0,2002,"{""type"":""MultiPoint"",""coordinates"":[]}"
"1_29001,11613_0",94.0,2002,"{""type"":""MultiPoint"",""coordinates"":[]}"
"1_29002,11613_0",111.0,2002,"{""type"":""MultiPoint"",""coordinates"":[]}"
"1_29003,11613_0",107.0,2002,"{""type"":""MultiPoint"",""coordinates"":[]}"
"1_29004,11613_0",96.0,2002,"{""type"":""MultiPoint"",""coordinates"":[]}"
"1_29005,11613_0",111.0,2002,"{""type"":""MultiPoint"",""coordinates"":[]}"
"1_29006,11613_0",111.0,2002,"{""type"":""MultiPoint"",""coordinates"":[]}"
"1_29007,11613_0",115.0,2002,"{""type"":""MultiPoint"",""coordinates"":[]}"
"1_29008,11613_0",110.0,2002,"{""type"":""MultiPoint"",""coordinates"":[]}"
"1_29009,11613_0",111.0,2002,"{""type"":""MultiPoint"",""coordinates"":[]}"
"1_29010,11613_0",112.0,2002,"{""type"":""MultiPoint"",""coordinates"":[]}"
"2_29001,11604_0",108.0,2003,"{""type"":""MultiPoint"",""coordinates"":[]}"
"2_29002,11604_0",115.0,2003,"{""type"":""MultiPoint"",""coordinates"":[]}"
"2_29003,11604_0",103.0,2003,"{""type"":""MultiPoint"",""coordinates"":[]}"
"2_29004,11604_0",111.0,2003,"{""type"":""MultiPoint"",""coordinates"":[]}"
"2_29005,11604_0",97.0,2003,"{""type"":""MultiPoint"",""coordinates"":[]}"
"2_29006,11604_0",105.0,2003,"{""type"":""MultiPoint"",""coordinates"":[]}"
"2_29007,11604_0",101.0,2003,"{""type"":""MultiPoint"",""coordinates"":[]}"
"2_29008,11604_0",106.0,2003,"{""type"":""MultiPoint"",""coordinates"":[]}"
"2_29009,11604_0",101.0,2003,"{""type"":""MultiPoint"",""coordinates"":[]}"
"2_29010,11604_0",103.0,2003,"{""type"":""MultiPoint"",""coordinates"":[]}"
"2_29001,11605_0",97.0,2003,"{""type"":""MultiPoint"",""coordinates"":[]}"
"2_29002,11605_0",103.0,2003,"{""type"":""MultiPoint"",""coordinates"":[]}"
"2_29003,11605_0",98.0,2003,"{""type"":""MultiPoint"",""coordinates"":[]}"
"2_29004,11605_0",98.0,2003,"{""type"":""MultiPoint"",""coordinates"":[]}"
"2_29005,11605_0",98.0,2003,"{""type"":""MultiPoint"",""coordinates"":[]}"
"2_29006,11605_0",111.0,2003,"{""type"":""MultiPoint"",""coordinates"":[]}"
"2_29007,11605_0",104.0,2003,"{""type"":""MultiPoint"",""coordinates"":[]}"
"2_29008,11605_0",105.0,2003,"{""type"":""MultiPoint"",""coordinates"":[]}"
"2_29009,11605_0",108.0,2003,"{""type"":""MultiPoint"",""coordinates"":[]}"
"2_29010,11605_0",116.0,2003,"{""type"":""MultiPoint"",""coordinates"":[]}"
"2_29001,11606_0",101.0,2003,"{""type"":""MultiPoint"",""coordinates"":[]}"
"2_29002,11606_0",100.0,2003,"{""type"":""MultiPoint"",""coordinates"":[]}"
"2_29003,11606_0",98.0,2003,"{""type"":""MultiPoint"",""coordinates"":[]}"
"2_29004,11606_0",96.0,2003,"{""type"":""MultiPoint"",""coordinates"":[]}"
"2_29005,11606_0",103.0,2003,"{""type"":""MultiPoint"",""coordinates"":[]}"
"2_29006,11606_0",110.0,2003,"{""type"":""MultiPoint"",""coordinates"":[]}"
"2_29007,11606_0",103.0,2003,"{""type"":""MultiPoint"",""coordinates"":[]}"
"2_29008,11606_0",110.0,2003,"{""type"":""MultiPoint"",""coordinates"":[]}"
"2_29009,11606_0",113.0,2003,"{""type"":""MultiPoint"",""coordinates"":[]}"
"2_29010,11606_0",116.0,2003,"{""type"":""MultiPoint"",""coordinates"":[]}"
"2_29001,11607_0",101.0,2003,"{""type"":""MultiPoint"",""coordinates"":[]}"
"2_29002,11607_0",99.0,2003,"{""type"":""MultiPoint"",""coordinates"":[]}"
"2_29003,11607_0",108.0,2003,"{""type"":""MultiPoint"",""coordinates"":[]}"
"2_29004,11607_0",95.0,2003,"{""type"":""MultiPoint"",""coordinates"":[]}"
"2_29005,11607_0",104.0,2003,"{""type"":""MultiPoint"",""coordinates"":[]}"
"2_29006,11607_0",104.0,2003,"{""type"":""MultiPoint"",""coordinates"":[]}"
"2_29007,11607_0",105.0,2003,"{""type"":""MultiPoint"",""coordinates"":[]}"
"2_29008,11607_0",117.0,2003,"{""type"":""MultiPoint"",""coordinates"":[]}"
"2_29009,11607_0",118.0,2003,"{""type"":""MultiPoint"",""coordinates"":[]}"
"2_29010,11607_0",116.0,2003,"{""type"":""MultiPoint"",""coordinates"":[]}"
"2_29001,11608_0",107.0,2003,"{""type"":""MultiPoint"",""coordinates"":[]}"
"2_29002,11608_0",108.0,2003,"{""type"":""MultiPoint"",""coordinates"":[]}"
"2_29003,11608_0",98.0,2003,"{""type"":""MultiPoint"",""coordinates"":[]}"
"2_29004,11608_0",100.0,2003,"{""type"":""MultiPoint"",""coordinates"":[]}"
"2_29005,11608_0",108.0,2003,"{""type"":""MultiPoint"",""coordinates"":[]}"
"2_29006,11608_0",108.0,2003,"{""type"":""MultiPoint"",""coordinates"":[]}"
"2_29007,11608_0",107.0,2003,"{""type"":""MultiPoint"",""coordinates"":[]}"
"2_29008,11608_0",111.0,2003,"{""type"":""MultiPoint"",""coordinates"":[]}"
"2_29009,11608_0",91.0,2003,"{""type"":""MultiPoint"",""coordinates"":[]}"
"2_29010,11608_0",106.0,2003,"{""type"":""MultiPoint"",""coordinates"":[]}"
"2_29001,11609_0",110.0,2003,"{""type"":""MultiPoint"",""coordinates"":[]}"
"2_29002,11609_0",114.0,2003,"{""type"":""MultiPoint"",""coordinates"":[]}"
"2_29003,11609_0",111.0,2003,"{""type"":""MultiPoint"",""coordinates"":[]}"
"2_29004,11609_0",104.0,2003,"{""type"":""MultiPoint"",""coordinates"":[]}"
"2_29005,11609_0",103.0,2003,"{""type"":""MultiPoint"",""coordinates"":[]}"
"2_29006,11609_0",111.0,2003,"{""type"":""MultiPoint"",""coordinates"":[]}"
"2_29007,11609_0",111.0,2003,"{""type"":""MultiPoint"",""coordinates"":[]}"
"2_29008,11609_0",112.0,2003,"{""type"":""MultiPoint"",""coordinates"":[]}"
"2_29009,11609_0",91.0,2003,"{""type"":""MultiPoint"",""coordinates"":[]}"
"2_29010,11609_0",85.0,2003,"{""type"":""MultiPoint"",""coordinates"":[]}"
"2_29001,11610_0",108.0,2003,"{""type"":""MultiPoint"",""coordinates"":[]}"
"2_29002,11610_0",113.0,2003,"{""type"":""MultiPoint"",""coordinates"":[]}"
"2_29003,11610_0",106.0,2003,"{""type"":""MultiPoint"",""coordinates"":[]}"
"2_29004,11610_0",104.0,2003,"{""type"":""MultiPoint"",""coordinates"":[]}"
"2_29005,11610_0",99.0,2003,"{""type"":""MultiPoint"",""coordinates"":[]}"
"2_29006,11610_0",101.0,2003,"{""type"":""MultiPoint"",""coordinates"":[]}"
"2_29007,11610_0",98.0,2003,"{""type"":""MultiPoint"",""coordinates"":[]}"
"2_29008,11610_0",91.0,2003,"{""type"":""MultiPoint"",""coordinates"":[]}"
"2_29009,11610_0",90.0,2003,"{""type"":""MultiPoint"",""coordinates"":[]}"
"2_29010,11610_0",81.0,2003,"{""type"":""MultiPoint"",""coordinates"":[]}"
"2_29001,11611_0",98.0,2003,"{""type"":""MultiPoint"",""coordinates"":[]}"
"2_29002,11611_0",105.0,2003,"{""type"":""MultiPoint"",""coordinates"":[]}"
"2_29003,11611_0",103.0,2003,"{""type"":""MultiPoint"",""coordinates"":[]}"
"2_29004,11611_0",111.0,2003,"{""type"":""MultiPoint"",""coordinates"":[]}"
"2_29005,11611_0",107.0,2003,"{""type"":""MultiPoint"",""coordinates"":[]}"
"2_29006,11611_0",107.0,2003,"{""type"":""MultiPoint"",""coordinates"":[]}"
"2_29007,11611_0",98.0,2003,"{""type"":""MultiPoint"",""coordinates"":[]}"
"2_29008,11611_0",99.0,2003,"{""type"":""MultiPoint"",""coordinates"":[]}"
"2_29009,11611_0",98.0,2003,"{""type"":""MultiPoint"",""coordinates"":[]}"
"2_29010,11611_0",94.0,2003,"{""type"":""MultiPoint"",""coordinates"":[]}"
"2_29001,11612_0",100.0,2003,"{""type"":""MultiPoint"",""coordinates"":[]}"
"2_29002,11612_0",98.0,2003,"{""type"":""MultiPoint"",""coordinates"":[]}"
"2_29003,11612_0",103.0,2003,"{""type"":""MultiPoint"",""coordinates"":[]}"
"2_29004,11612_0",103.0,2003,"{""type"":""MultiPoint"",""coordinates"":[]}"
"2_29005,11612_0",113.0,2003,"{""type"":""MultiPoint"",""coordinates"":[]}"
"2_29006,11612_0",97.0,2003,"{""type"":""MultiPoint"",""coordinates"":[]}"
"2_29007,11612_0",105.0,2003,"{""type"":""MultiPoint"",""coordinates"":[]}"
"2_29008,11612_0",105.0,2003,"{""type"":""MultiPoint"",""coordinates"":[]}"
"2_29009,11612_0",104.0,2003,"{""type"":""MultiPoint"",""coordinates"":[]}"
"2_29010,11612_0",103.0,2003,"{""type"":""MultiPoint"",""coordinates"":[]}"
"2_29001,11613_0",69.0,2003,"{""type"":""MultiPoint"",""coordinates"":[]}"
"2_29002,11613_0",105.0,2003,"{""type"":""MultiPoint"",""coordinates"":[]}"
"2_29003,11613_0",103.0,2003,"{""type"":""MultiPoint"",""coordinates"":[]}"
"2_29004,11613_0",99.0,2003,"{""type"":""MultiPoint"",""coordinates"":[]}"
"2_29005,11613_0",115.0,2003,"{""type"":""MultiPoint"",""coordinates"":[]}"
"2_29006,11613_0",117.0,2003,"{""type"":""MultiPoint"",""coordinates"":[]}"
"2_29007,11613_0",115.0,2003,"{""type"":""MultiPoint"",""coordinates"":[]}"
"2_29008,11613_0",96.0,2003,"{""type"":""MultiPoint"",""coordinates"":[]}"
"2_29009,11613_0",109.0,2003,"{""type"":""MultiPoint"",""coordinates"":[]}"
"2_29010,11613_0",101.0,2003,"{""type"":""MultiPoint"",""coordinates"":[]}"
"3_29001,11604_0",107.0,2004,"{""type"":""MultiPoint"",""coordinates"":[]}"
"3_29002,11604_0",102.0,2004,"{""type"":""MultiPoint"",""coordinates"":[]}"
"3_29003,11604_0",104.0,2004,"{""type"":""MultiPoint"",""coordinates"":[]}"
"3_29004,11604_0",101.0,2004,"{""type"":""MultiPoint"",""coordinates"":[]}"
"3_29005,11604_0",105.0,2004,"{""type"":""MultiPoint"",""coordinates"":[]}"
"3_29006,11604_0",94.0,2004,"{""type"":""MultiPoint"",""coordinates"":[]}"
"3_29007,11604_0",114.0,2004,"{""type"":""MultiPoint"",""coordinates"":[]}"
"3_29008,11604_0",102.0,2004,"{""type"":""MultiPoint"",""coordinates"":[]}"
"3_29009,11604_0",99.0,2004,"{""type"":""MultiPoint"",""coordinates"":[]}"
"3_29010,11604_0",97.0,2004,"{""type"":""MultiPoint"",""coordinates"":[]}"
"3_29001,11605_0",119.0,2004,"{""type"":""MultiPoint"",""coordinates"":[]}"
"3_29002,11605_0",112.0,2004,"{""type"":""MultiPoint"",""coordinates"":[]}"
"3_29003,11605_0",103.0,2004,"{""type"":""MultiPoint"",""coordinates"":[]}"
"3_29004,11605_0",102.0,2004,"{""type"":""MultiPoint"",""coordinates"":[]}"
"3_29005,11605_0",101.0,2004,"{""type"":""MultiPoint"",""coordinates"":[]}"
"3_29006,11605_0",99.0,2004,"{""type"":""MultiPoint"",""coordinates"":[]}"
"3_29007,11605_0",111.0,2004,"{""type"":""MultiPoint"",""coordinates"":[]}"
"3_29008,11605_0",99.0,2004,"{""type"":""MultiPoint"",""coordinates"":[]}"
"3_29009,11605_0",111.0,2004,"{""type"":""MultiPoint"",""coordinates"":[]}"
"3_29010,11605_0",100.0,2004,"{""type"":""MultiPoint"",""coordinates"":[]}"
"3_29001,11606_0",103.0,2004,"{""type"":""MultiPoint"",""coordinates"":[]}"
"3_29002,11606_0",113.0,2004,"{""type"":""MultiPoint"",""coordinates"":[]}"
"3_29003,11606_0",109.0,2004,"{""type"":""MultiPoint"",""coordinates"":[]}"
"3_29004,11606_0",108.0,2004,"{""type"":""MultiPoint"",""coordinates"":[]}"
"3_29005,11606_0",116.0,2004,"{""type"":""MultiPoint"",""coordinates"":[]}"
"3_29006,11606_0",110.0,2004,"{""type"":""MultiPoint"",""coordinates"":[]}"
"3_29007,11606_0",103.0,2004,"{""type"":""MultiPoint"",""coordinates"":[]}"
"3_29008,11606_0",101.0,2004,"{""type"":""MultiPoint"",""coordinates"":[]}"
"3_29009,11606_0",107.0,2004,"{""type"":""MultiPoint"",""coordinates"":[]}"
"3_29010,11606_0",113.0,2004,"{""type"":""MultiPoint"",""coordinates"":[]}"
"3_29001,11607_0",111.0,2004,"{""type"":""MultiPoint"",""coordinates"":[]}"
"3_29002,11607_0",105.0,2004,"{""type"":""MultiPoint"",""coordinates"":[]}"
"3_29003,11607_0",108.0,2004,"{""type"":""MultiPoint"",""coordinates"":[]}"
"3_29004,11607_0",110.0,2004,"{""type"":""MultiPoint"",""coordinates"":[]}"
"3_29005,11607_0",114.0,2004,"{""type"":""MultiPoint"",""coordinates"":[]}"
"3_29006,11607_0",109.0,2004,"{""type"":""MultiPoint"",""coordinates"":[]}"
"3_29007,11607_0",107.0,2004,"{""type"":""MultiPoint"",""coordinates"":[]}"
"3_29008,11607_0",108.0,2004,"{""type"":""MultiPoint"",""coordinates"":[]}"
"3_29009,11607_0",108.0,2004,"{""type"":""MultiPoint"",""coordinates"":[]}"
"3_29010,11607_0",112.0,2004,"{""type"":""MultiPoint"",""coordinates"":[]}"
"3_29001,11608_0",109.0,2004,"{""type"":""MultiPoint"",""coordinates"":[]}"
"3_29002,11608_0",111.0,2004,"{""type"":""MultiPoint"",""coordinates"":[]}"
"3_29003,11608_0",109.0,2004,"{""type"":""MultiPoint"",""coordinates"":[]}"
"3_29004,11608_0",117.0,2004,"{""type"":""MultiPoint"",""coordinates"":[]}"
"3_29005,11608_0",112.0,2004,"{""type"":""MultiPoint"",""coordinates"":[]}"
"3_29006,11608_0",100.0,2004,"{""type"":""MultiPoint"",""coordinates"":[]}"
"3_29007,11608_0",105.0,2004,"{""type"":""MultiPoint"",""coordinates"":[]}"
"3_29008,11608_0",107.0,2004,"{""type"":""MultiPoint"",""coordinates"":[]}"
"3_29009,11608_0",111.0,2004,"{""type"":""MultiPoint"",""coordinates"":[]}"
"3_29010,11608_0",107.0,2004,"{""type"":""MultiPoint"",""coordinates"":[]}"
"3_29001,11609_0",112.0,2004,"{""type"":""MultiPoint"",""coordinates"":[]}"
"3_29002,11609_0",112.0,2004,"{""type"":""MultiPoint"",""coordinates"":[]}"
"3_29003,11609_0",112.0,2004,"{""type"":""MultiPoint"",""coordinates"":[]}"
"3_29004,11609_0",111.0,2004,"{""type"":""MultiPoint"",""coordinates"":[]}"
"3_29005,11609_0",105.0,2004,"{""type"":""MultiPoint"",""coordinates"":[]}"
"3_29006,11609_0",107.0,2004,"{""type"":""MultiPoint"",""coordinates"":[]}"
"3_29007,11609_0",110.0,2004,"{""type"":""MultiPoint"",""coordinates"":[]}"
"3_29008,11609_0",110.0,2004,"{""type"":""MultiPoint"",""coordinates"":[]}"
"3_29009,11609_0",105.0,2004,"{""type"":""MultiPoint"",""coordinates"":[]}"
"3_29010,11609_0",100.0,2004,"{""type"":""MultiPoint"",""coordinates"":[]}"
"3_29001,11610_0",115.0,2004,"{""type"":""MultiPoint"",""coordinates"":[]}"
"3_29002,11610_0",113.0,2004,"{""type"":""MultiPoint"",""coordinates"":[]}"
"3_29003,11610_0",113.0,2004,"{""type"":""MultiPoint"",""coordinates"":[]}"
"3_29004,11610_0",111.0,2004,"{""type"":""MultiPoint"",""coordinates"":[]}"
"3_29005,11610_0",110.0,2004,"{""type"":""MultiPoint"",""coordinates"":[]}"
"3_29006,11610_0",111.0,2004,"{""type"":""MultiPoint"",""coordinates"":[]}"
"3_29007,11610_0",105.0,2004,"{""type"":""MultiPoint"",""coordinates"":[]}"
"3_29008,11610_0",104.0,2004,"{""type"":""MultiPoint"",""coordinates"":[]}"
"3_29009,11610_0",106.0,2004,"{""type"":""MultiPoint"",""coordinates"":[]}"
"3_29010,11610_0",112.0,2004,"{""type"":""MultiPoint"",""coordinates"":[]}"
"3_29001,11611_0",110.0,2004,"{""type"":""MultiPoint"",""coordinates"":[]}"
"3_29002,11611_0",112.0,2004,"{""type"":""MultiPoint"",""coordinates"":[]}"
"3_29003,11611_0",113.0,2004,"{""type"":""MultiPoint"",""coordinates"":[]}"
"3_29004,11611_0",110.0,2004,"{""type"":""MultiPoint"",""coordinates"":[]}"
"3_29005,11611_0",111.0,2004,"{""type"":""MultiPoint"",""coordinates"":[]}"
"3_29006,11611_0",107.0,2004,"{""type"":""MultiPoint"",""coordinates"":[]}"
"3_29007,11611_0",110.0,2004,"{""type"":""MultiPoint"",""coordinates"":[]}"
"3_29008,11611_0",108.0,2004,"{""type"":""MultiPoint"",""coordinates"":[]}"
"3_29009,11611_0",118.0,2004,"{""type"":""MultiPoint"",""coordinates"":[]}"
"3_29010,11611_0",115.0,2004,"{""type"":""MultiPoint"",""coordinates"":[]}"
"3_29001,11612_0",103.0,2004,"{""type"":""MultiPoint"",""coordinates"":[]}"
"3_29002,11612_0",104.0,2004,"{""type"":""MultiPoint"",""coordinates"":[]}"
"3_29003,11612_0",104.0,2004,"{""type"":""MultiPoint"",""coordinates"":[]}"
"3_29004,11612_0",105.0,2004,"{""type"":""MultiPoint"",""coordinates"":[]}"
"3_29005,11612_0",110.0,2004,"{""type"":""MultiPoint"",""coordinates"":[]}"
"3_29006,11612_0",113.0,2004,"{""type"":""MultiPoint"",""coordinates"":[]}"
"3_29007,11612_0",107.0,2004,"{""type"":""MultiPoint"",""coordinates"":[]}"
"3_29008,11612_0",115.0,2004,"{""type"":""MultiPoint"",""coordinates"":[]}"
"3_29009,11612_0",116.0,2004,"{""type"":""MultiPoint"",""coordinates"":[]}"
"3_29010,11612_0",112.0,2004,"{""type"":""MultiPoint"",""coordinates"":[]}"
"3_29001,11613_0",110.0,2004,"{""type"":""MultiPoint"",""coordinates"":[]}"
"3_29002,11613_0",107.0,2004,"{""type"":""MultiPoint"",""coordinates"":[]}"
"3_29003,11613_0",106.0,2004,"{""type"":""MultiPoint"",""coordinates"":[]}"
"3_29004,11613_0",110.0,2004,"{""type"":""MultiPoint"",""coordinates"":[]}"
"3_29005,11613_0",109.0,2004,"{""type"":""MultiPoint"",""coordinates"":[]}"
"3_29006,11613_0",109.0,2004,"{""type"":""MultiPoint"",""coordinates"":[]}"
"3_29007,11613_0",117.0,2004,"{""type"":""MultiPoint"",""coordinates"":[]}"
"3_29008,11613_0",119.0,2004,"{""type"":""MultiPoint"",""coordinates"":[]}"
"3_29009,11613_0",122.0,2004,"{""type"":""MultiPoint"",""coordinates"":[]}"
"3_29010,11613_0",110.0,2004,"{""type"":""MultiPoint"",""coordinates"":[]}"
"4_29001,11604_0",113.0,2005,"{""type"":""MultiPoint"",""coordinates"":[]}"
"4_29002,11604_0",114.0,2005,"{""type"":""MultiPoint"",""coordinates"":[]}"
"4_29003,11604_0",108.0,2005,"{""type"":""MultiPoint"",""coordinates"":[]}"
"4_29004,11604_0",107.0,2005,"{""type"":""MultiPoint"",""coordinates"":[]}"
"4_29005,11604_0",113.0,2005,"{""type"":""MultiPoint"",""coordinates"":[]}"
"4_29006,11604_0",114.0,2005,"{""type"":""MultiPoint"",""coordinates"":[]}"
"4_29007,11604_0",108.0,2005,"{""type"":""MultiPoint"",""coordinates"":[]}"
"4_29008,11604_0",108.0,2005,"{""type"":""MultiPoint"",""coordinates"":[]}"
"4_29009,11604_0",113.0,2005,"{""type"":""MultiPoint"",""coordinates"":[]}"
"4_29010,11604_0",113.0,2005,"{""type"":""MultiPoint"",""coordinates"":[]}"
"4_29001,11605_0",115.0,2005,"{""type"":""MultiPoint"",""coordinates"":[]}"
"4_29002,11605_0",111.0,2005,"{""type"":""MultiPoint"",""coordinates"":[]}"
"4_29003,11605_0",111.0,2005,"{""type"":""MultiPoint"",""coordinates"":[]}"
"4_29004,11605_0",112.0,2005,"{""type"":""MultiPoint"",""coordinates"":[]}"
"4_29005,11605_0",111.0,2005,"{""type"":""MultiPoint"",""coordinates"":[]}"
"4_29006,11605_0",119.0,2005,"{""type"":""MultiPoint"",""coordinates"":[]}"
"4_29007,11605_0",108.0,2005,"{""type"":""MultiPoint"",""coordinates"":[]}"
"4_29008,11605_0",107.0,2005,"{""type"":""MultiPoint"",""coordinates"":[]}"
"4_29009,11605_0",110.0,2005,"{""type"":""MultiPoint"",""coordinates"":[]}"
"4_29010,11605_0",111.0,2005,"{""type"":""MultiPoint"",""coordinates"":[]}"
"4_29001,11606_0",116.0,2005,"{""type"":""MultiPoint"",""coordinates"":[]}"
"4_29002,11606_0",113.0,2005,"{""type"":""MultiPoint"",""coordinates"":[]}"
"4_29003,11606_0",108.0,2005,"{""type"":""MultiPoint"",""coordinates"":[]}"
"4_29004,11606_0",109.0,2005,"{""type"":""MultiPoint"",""coordinates"":[]}"
"4_29005,11606_0",110.0,2005,"{""type"":""MultiPoint"",""coordinates"":[]}"
"4_29006,11606_0",108.0,2005,"{""type"":""MultiPoint"",""coordinates"":[]}"
"4_29007,11606_0",109.0,2005,"{""type"":""MultiPoint"",""coordinates"":[]}"
"4_29008,11606_0",105.0,2005,"{""type"":""MultiPoint"",""coordinates"":[]}"
"4_29009,11606_0",112.0,2005,"{""type"":""MultiPoint"",""coordinates"":[]}"
"4_29010,11606_0",103.0,2005,"{""type"":""MultiPoint"",""coordinates"":[]}"
"4_29001,11607_0",108.0,2005,"{""type"":""MultiPoint"",""coordinates"":[]}"
"4_29002,11607_0",105.0,2005,"{""type"":""MultiPoint"",""coordinates"":[]}"
"4_29003,11607_0",106.0,2005,"{""type"":""MultiPoint"",""coordinates"":[]}"
"4_29004,11607_0",106.0,2005,"{""type"":""MultiPoint"",""coordinates"":[]}"
"4_29005,11607_0",105.0,2005,"{""type"":""MultiPoint"",""coordinates"":[]}"
"4_29006,11607_0",106.0,2005,"{""type"":""MultiPoint"",""coordinates"":[]}"
"4_29007,11607_0",106.0,2005,"{""type"":""MultiPoint"",""coordinates"":[]}"
"4_29008,11607_0",113.0,2005,"{""type"":""MultiPoint"",""coordinates"":[]}"
"4_29009,11607_0",102.0,2005,"{""type"":""MultiPoint"",""coordinates"":[]}"
"4_29010,11607_0",109.0,2005,"{""type"":""MultiPoint"",""coordinates"":[]}"
"4_29001,11608_0",105.0,2005,"{""type"":""MultiPoint"",""coordinates"":[]}"
"4_29002,11608_0",105.0,2005,"{""type"":""MultiPoint"",""coordinates"":[]}"
"4_29003,11608_0",103.0,2005,"{""type"":""MultiPoint"",""coordinates"":[]}"
"4_29004,11608_0",107.0,2005,"{""type"":""MultiPoint"",""coordinates"":[]}"
"4_29005,11608_0",105.0,2005,"{""type"":""MultiPoint"",""coordinates"":[]}"
"4_29006,11608_0",106.0,2005,"{""type"":""MultiPoint"",""coordinates"":[]}"
"4_29007,11608_0",107.0,2005,"{""type"":""MultiPoint"",""coordinates"":[]}"
"4_29008,11608_0",107.0,2005,"{""type"":""MultiPoint"",""coordinates"":[]}"
"4_29009,11608_0",109.0,2005,"{""type"":""MultiPoint"",""coordinates"":[]}"
"4_29010,11608_0",106.0,2005,"{""type"":""MultiPoint"",""coordinates"":[]}"
"4_29001,11609_0",105.0,2005,"{""type"":""MultiPoint"",""coordinates"":[]}"
"4_29002,11609_0",109.0,2005,"{""type"":""MultiPoint"",""coordinates"":[]}"
"4_29003,11609_0",109.0,2005,"{""type"":""MultiPoint"",""coordinates"":[]}"
"4_29004,11609_0",106.0,2005,"{""type"":""MultiPoint"",""coordinates"":[]}"
"4_29005,11609_0",107.0,2005,"{""type"":""MultiPoint"",""coordinates"":[]}"
"4_29006,11609_0",108.0,2005,"{""type"":""MultiPoint"",""coordinates"":[]}"
"4_29007,11609_0",107.0,2005,"{""type"":""MultiPoint"",""coordinates"":[]}"
"4_29008,11609_0",101.0,2005,"{""type"":""MultiPoint"",""coordinates"":[]}"
"4_29009,11609_0",101.0,2005,"{""type"":""MultiPoint"",""coordinates"":[]}"
"4_29010,11609_0",102.0,2005,"{""type"":""MultiPoint"",""coordinates"":[]}"
"4_29001,11610_0",111.0,2005,"{""type"":""MultiPoint"",""coordinates"":[]}"
"4_29002,11610_0",112.0,2005,"{""type"":""MultiPoint"",""coordinates"":[]}"
"4_29003,11610_0",113.0,2005,"{""type"":""MultiPoint"",""coordinates"":[]}"
"4_29004,11610_0",111.0,2005,"{""type"":""MultiPoint"",""coordinates"":[]}"
"4_29005,11610_0",109.0,2005,"{""type"":""MultiPoint"",""coordinates"":[]}"
"4_29006,11610_0",108.0,2005,"{""type"":""MultiPoint"",""coordinates"":[]}"
"4_29007,11610_0",100.0,2005,"{""type"":""MultiPoint"",""coordinates"":[]}"
"4_29008,11610_0",107.0,2005,"{""type"":""MultiPoint"",""coordinates"":[]}"
"4_29009,11610_0",112.0,2005,"{""type"":""MultiPoint"",""coordinates"":[]}"
"4_29010,11610_0",114.0,2005,"{""type"":""MultiPoint"",""coordinates"":[]}"
"4_29001,11611_0",108.0,2005,"{""type"":""MultiPoint"",""coordinates"":[]}"
"4_29002,11611_0",112.0,2005,"{""type"":""MultiPoint"",""coordinates"":[]}"
"4_29003,11611_0",111.0,2005,"{""type"":""MultiPoint"",""coordinates"":[]}"
"4_29004,11611_0",110.0,2005,"{""type"":""MultiPoint"",""coordinates"":[]}"
"4_29005,11611_0",110.0,2005,"{""type"":""MultiPoint"",""coordinates"":[]}"
"4_29006,11611_0",113.0,2005,"{""type"":""MultiPoint"",""coordinates"":[]}"
"4_29007,11611_0",108.0,2005,"{""type"":""MultiPoint"",""coordinates"":[]}"
"4_29008,11611_0",112.0,2005,"{""type"":""MultiPoint"",""coordinates"":[]}"
"4_29009,11611_0",112.0,2005,"{""type"":""MultiPoint"",""coordinates"":[]}"
"4_29010,11611_0",113.0,2005,"{""type"":""MultiPoint"",""coordinates"":[]}"
"4_29001,11612_0",107.0,2005,"{""type"":""MultiPoint"",""coordinates"":[]}"
"4_29002,11612_0",106.0,2005,"{""type"":""MultiPoint"",""coordinates"":[]}"
"4_29003,11612_0",107.0,2005,"{""type"":""MultiPoint"",""coordinates"":[]}"
"4_29004,11612_0",107.0,2005,"{""type"":""MultiPoint"",""coordinates"":[]}"
"4_29005,11612_0",111.0,2005,"{""type"":""MultiPoint"",""coordinates"":[]}"
"4_29006,11612_0",111.0,2005,"{""type"":""MultiPoint"",""coordinates"":[]}"
"4_29007,11612_0",109.0,2005,"{""type"":""MultiPoint"",""coordinates"":[]}"
"4_29008,11612_0",109.0,2005,"{""type"":""MultiPoint"",""coordinates"":[]}"
"4_29009,11612_0",106.0,2005,"{""type"":""MultiPoint"",""coordinates"":[]}"
"4_29010,11612_0",111.0,2005,"{""type"":""MultiPoint"",""coordinates"":[]}"
"4_29001,11613_0",103.0,2005,"{""type"":""MultiPoint"",""coordinates"":[]}"
"4_29002,11613_0",109.0,2005,"{""type"":""MultiPoint"",""coordinates"":[]}"
"4_29003,11613_0",109.0,2005,"{""type"":""MultiPoint"",""coordinates"":[]}"
"4_29004,11613_0",107.0,2005,"{""type"":""MultiPoint"",""coordinates"":[]}"
"4_29005,11613_0",103.0,2005,"{""type"":""MultiPoint"",""coordinates"":[]}"
"4_29006,11613_0",111.0,2005,"{""type"":""MultiPoint"",""coordinates"":[]}"
"4_29007,11613_0",109.0,2005,"{""type"":""MultiPoint"",""coordinates"":[]}"
"4_29008,11613_0",115.0,2005,"{""type"":""MultiPoint"",""coordinates"":[]}"
"4_29009,11613_0",116.0,2005,"{""type"":""MultiPoint"",""coordinates"":[]}"
"4_29010,11613_0",117.0,2005,"{""type"":""MultiPoint"",""coordinates"":[]}"
"5_29001,11604_0",117.0,2006,"{""type"":""MultiPoint"",""coordinates"":[]}"
"5_29002,11604_0",120.0,2006,"{""type"":""MultiPoint"",""coordinates"":[]}"
"5_29003,11604_0",118.0,2006,"{""type"":""MultiPoint"",""coordinates"":[]}"
"5_29004,11604_0",114.0,2006,"{""type"":""MultiPoint"",""coordinates"":[]}"
"5_29005,11604_0",114.0,2006,"{""type"":""MultiPoint"",""coordinates"":[]}"
"5_29006,11604_0",112.0,2006,"{""type"":""MultiPoint"",""coordinates"":[]}"
"5_29007,11604_0",110.0,2006,"{""type"":""MultiPoint"",""coordinates"":[]}"
"5_29008,11604_0",107.0,2006,"{""type"":""MultiPoint"",""coordinates"":[]}"
"5_29009,11604_0",114.0,2006,"{""type"":""MultiPoint"",""coordinates"":[]}"
"5_29010,11604_0",109.0,2006,"{""type"":""MultiPoint"",""coordinates"":[]}"
"5_29001,11605_0",117.0,2006,"{""type"":""MultiPoint"",""coordinates"":[]}"
"5_29002,11605_0",116.0,2006,"{""type"":""MultiPoint"",""coordinates"":[]}"
"5_29003,11605_0",118.0,2006,"{""type"":""MultiPoint"",""coordinates"":[]}"
"5_29004,11605_0",111.0,2006,"{""type"":""MultiPoint"",""coordinates"":[]}"
"5_29005,11605_0",114.0,2006,"{""type"":""MultiPoint"",""coordinates"":[]}"
"5_29006,11605_0",118.0,2006,"{""type"":""MultiPoint"",""coordinates"":[]}"
"5_29007,11605_0",107.0,2006,"{""type"":""MultiPoint"",""coordinates"":[]}"
"5_29008,11605_0",111.0,2006,"{""type"":""MultiPoint"",""coordinates"":[]}"
"5_29009,11605_0",117.0,2006,"{""type"":""MultiPoint"",""coordinates"":[]}"
"5_29010,11605_0",113.0,2006,"{""type"":""MultiPoint"",""coordinates"":[]}"
"5_29001,11606_0",119.0,2006,"{""type"":""MultiPoint"",""coordinates"":[]}"
"5_29002,11606_0",118.0,2006,"{""type"":""MultiPoint"",""coordinates"":[]}"
"5_29003,11606_0",118.0,2006,"{""type"":""MultiPoint"",""coordinates"":[]}"
"5_29004,11606_0",115.0,2006,"{""type"":""MultiPoint"",""coordinates"":[]}"
"5_29005,11606_0",116.0,2006,"{""type"":""MultiPoint"",""coordinates"":[]}"
"5_29006,11606_0",110.0,2006,"{""type"":""MultiPoint"",""coordinates"":[]}"
"5_29007,11606_0",109.0,2006,"{""type"":""MultiPoint"",""coordinates"":[]}"
"5_29008,11606_0",106.0,2006,"{""type"":""MultiPoint"",""coordinates"":[]}"
"5_29009,11606_0",117.0,2006,"{""type"":""MultiPoint"",""coordinates"":[]}"
"5_29010,11606_0",108.0,2006,"{""type"":""MultiPoint"",""coordinates"":[]}"
"5_29001,11607_0",116.0,2006,"{""type"":""MultiPoint"",""coordinates"":[]}"
"5_29002,11607_0",112.0,2006,"{""type"":""MultiPoint"",""coordinates"":[]}"
"5_29003,11607_0",113.0,2006,"{""type"":""MultiPoint"",""coordinates"":[]}"
"5_29004,11607_0",115.0,2006,"{""type"":""MultiPoint"",""coordinates"":[]}"
"5_29005,11607_0",110.0,2006,"{""type"":""MultiPoint"",""coordinates"":[]}"
"5_29006,11607_0",114.0,2006,"{""type"":""MultiPoint"",""coordinates"":[]}"
"5_29007,11607_0",109.0,2006,"{""type"":""MultiPoint"",""coordinates"":[]}"
"5_29008,11607_0",118.0,2006,"{""type"":""MultiPoint"",""coordinates"":[]}"
"5_29009,11607_0",119.0,2006,"{""type"":""MultiPoint"",""coordinates"":[]}"
"5_29010,11607_0",118.0,2006,"{""type"":""MultiPoint"",""coordinates"":[]}"
"5_29001,11608_0",110.0,2006,"{""type"":""MultiPoint"",""coordinates"":[]}"
"5_29002,11608_0",109.0,2006,"{""type"":""MultiPoint"",""coordinates"":[]}"
"5_29003,11608_0",112.0,2006,"{""type"":""MultiPoint"",""coordinates"":[]}"
"5_29004,11608_0",113.0,2006,"{""type"":""MultiPoint"",""coordinates"":[]}"
"5_29005,11608_0",115.0,2006,"{""type"":""MultiPoint"",""coordinates"":[]}"
"5_29006,11608_0",107.0,2006,"{""type"":""MultiPoint"",""coordinates"":[]}"
"5_29007,11608_0",111.0,2006,"{""type"":""MultiPoint"",""coordinates"":[]}"
"5_29008,11608_0",107.0,2006,"{""type"":""MultiPoint"",""coordinates"":[]}"
"5_29009,11608_0",115.0,2006,"{""type"":""MultiPoint"",""coordinates"":[]}"
"5_29010,11608_0",115.0,2006,"{""type"":""MultiPoint"",""coordinates"":[]}"
"5_29001,11609_0",113.0,2006,"{""type"":""MultiPoint"",""coordinates"":[]}"
"5_29002,11609_0",109.0,2006,"{""type"":""MultiPoint"",""coordinates"":[]}"
"5_29003,11609_0",117.0,2006,"{""type"":""MultiPoint"",""coordinates"":[]}"
"5_29004,11609_0",112.0,2006,"{""type"":""MultiPoint"",""coordinates"":[]}"
"5_29005,11609_0",114.0,2006,"{""type"":""MultiPoint"",""coordinates"":[]}"
"5_29006,11609_0",107.0,2006,"{""type"":""MultiPoint"",""coordinates"":[]}"
"5_29007,11609_0",118.0,2006,"{""type"":""MultiPoint"",""coordinates"":[]}"
"5_29008,11609_0",118.0,2006,"{""type"":""MultiPoint"",""coordinates"":[]}"
"5_29009,11609_0",106.0,2006,"{""type"":""MultiPoint"",""coordinates"":[]}"
"5_29010,11609_0",118.0,2006,"{""type"":""MultiPoint"",""coordinates"":[]}"
"5_29001,11610_0",115.0,2006,"{""type"":""MultiPoint"",""coordinates"":[]}"
"5_29002,11610_0",115.0,2006,"{""type"":""MultiPoint"",""coordinates"":[]}"
"5_29003,11610_0",118.0,2006,"{""type"":""MultiPoint"",""coordinates"":[]}"
"5_29004,11610_0",119.0,2006,"{""type"":""MultiPoint"",""coordinates"":[]}"
"5_29005,11610_0",107.0,2006,"{""type"":""MultiPoint"",""coordinates"":[]}"
"5_29006,11610_0",118.0,2006,"{""type"":""MultiPoint"",""coordinates"":[]}"
"5_29007,11610_0",113.0,2006,"{""type"":""MultiPoint"",""coordinates"":[]}"
"5_29008,11610_0",117.0,2006,"{""type"":""MultiPoint"",""coordinates"":[]}"
"5_29009,11610_0",80.0,2006,"{""type"":""MultiPoint"",""coordinates"":[]}"
"5_29010,11610_0",104.0,2006,"{""type"":""MultiPoint"",""coordinates"":[]}"
"5_29001,11611_0",109.0,2006,"{""type"":""MultiPoint"",""coordinates"":[]}"
"5_29002,11611_0",115.0,2006,"{""type"":""MultiPoint"",""coordinates"":[]}"
"5_29003,11611_0",114.0,2006,"{""type"":""MultiPoint"",""coordinates"":[]}"
"5_29004,11611_0",116.0,2006,"{""type"":""MultiPoint"",""coordinates"":[]}"
"5_29005,11611_0",112.0,2006,"{""type"":""MultiPoint"",""coordinates"":[]}"
"5_29006,11611_0",111.0,2006,"{""type"":""MultiPoint"",""coordinates"":[]}"
"5_29007,11611_0",102.0,2006,"{""type"":""MultiPoint"",""coordinates"":[]}"
"5_29008,11611_0",72.0,2006,"{""type"":""MultiPoint"",""coordinates"":[]}"
"5_29009,11611_0",114.0,2006,"{""type"":""MultiPoint"",""coordinates"":[]}"
"5_29010,11611_0",109.0,2006,"{""type"":""MultiPoint"",""coordinates"":[]}"
"5_29001,11612_0",103.0,2006,"{""type"":""MultiPoint"",""coordinates"":[]}"
"5_29002,11612_0",106.0,2006,"{""type"":""MultiPoint"",""coordinates"":[]}"
"5_29003,11612_0",106.0,2006,"{""type"":""MultiPoint"",""coordinates"":[]}"
"5_29004,11612_0",104.0,2006,"{""type"":""MultiPoint"",""coordinates"":[]}"
"5_29005,11612_0",113.0,2006,"{""type"":""MultiPoint"",""coordinates"":[]}"
"5_29006,11612_0",113.0,2006,"{""type"":""MultiPoint"",""coordinates"":[]}"
"5_29007,11612_0",110.0,2006,"{""type"":""MultiPoint"",""coordinates"":[]}"
"5_29008,11612_0",108.0,2006,"{""type"":""MultiPoint"",""coordinates"":[]}"
"5_29009,11612_0",115.0,2006,"{""type"":""MultiPoint"",""coordinates"":[]}"
"5_29010,11612_0",105.0,2006,"{""type"":""MultiPoint"",""coordinates"":[]}"
"5_29001,11613_0",106.0,2006,"{""type"":""MultiPoint"",""coordinates"":[]}"
"5_29002,11613_0",113.0,2006,"{""type"":""MultiPoint"",""coordinates"":[]}"
"5_29003,11613_0",108.0,2006,"{""type"":""MultiPoint"",""coordinates"":[]}"
"5_29004,11613_0",111.0,2006,"{""type"":""MultiPoint"",""coordinates"":[]}"
"5_29005,11613_0",110.0,2006,"{""type"":""MultiPoint"",""coordinates"":[]}"
"5_29006,11613_0",116.0,2006,"{""type"":""MultiPoint"",""coordinates"":[]}"
"5_29007,11613_0",117.0,2006,"{""type"":""MultiPoint"",""coordinates"":[]}"
"5_29008,11613_0",112.0,2006,"{""type"":""MultiPoint"",""coordinates"":[]}"
"5_29009,11613_0",117.0,2006,"{""type"":""MultiPoint"",""coordinates"":[]}"
"5_29010,11613_0",110.0,2006,"{""type"":""MultiPoint"",""coordinates"":[]}"
"6_29001,11604_0",113.0,2007,"{""type"":""MultiPoint"",""coordinates"":[]}"
"6_29002,11604_0",116.0,2007,"{""type"":""MultiPoint"",""coordinates"":[]}"
"6_29003,11604_0",114.0,2007,"{""type"":""MultiPoint"",""coordinates"":[]}"
"6_29004,11604_0",108.0,2007,"{""type"":""MultiPoint"",""coordinates"":[]}"
"6_29005,11604_0",109.0,2007,"{""type"":""MultiPoint"",""coordinates"":[]}"
"6_29006,11604_0",111.0,2007,"{""type"":""MultiPoint"",""coordinates"":[]}"
"6_29007,11604_0",111.0,2007,"{""type"":""MultiPoint"",""coordinates"":[]}"
"6_29008,11604_0",110.0,2007,"{""type"":""MultiPoint"",""coordinates"":[]}"
"6_29009,11604_0",113.0,2007,"{""type"":""MultiPoint"",""coordinates"":[]}"
"6_29010,11604_0",114.0,2007,"{""type"":""MultiPoint"",""coordinates"":[]}"
"6_29001,11605_0",114.0,2007,"{""type"":""MultiPoint"",""coordinates"":[]}"
"6_29002,11605_0",113.0,2007,"{""type"":""MultiPoint"",""coordinates"":[]}"
"6_29003,11605_0",114.0,2007,"{""type"":""MultiPoint"",""coordinates"":[]}"
"6_29004,11605_0",109.0,2007,"{""type"":""MultiPoint"",""coordinates"":[]}"
"6_29005,11605_0",114.0,2007,"{""type"":""MultiPoint"",""coordinates"":[]}"
"6_29006,11605_0",114.0,2007,"{""type"":""MultiPoint"",""coordinates"":[]}"
"6_29007,11605_0",112.0,2007,"{""type"":""MultiPoint"",""coordinates"":[]}"
"6_29008,11605_0",110.0,2007,"{""type"":""MultiPoint"",""coordinates"":[]}"
"6_29009,11605_0",111.0,2007,"{""type"":""MultiPoint"",""coordinates"":[]}"
"6_29010,11605_0",113.0,2007,"{""type"":""MultiPoint"",""coordinates"":[]}"
"6_29001,11606_0",114.0,2007,"{""type"":""MultiPoint"",""coordinates"":[]}"
"6_29002,11606_0",112.0,2007,"{""type"":""MultiPoint"",""coordinates"":[]}"
"6_29003,11606_0",113.0,2007,"{""type"":""MultiPoint"",""coordinates"":[]}"
"6_29004,11606_0",111.0,2007,"{""type"":""MultiPoint"",""coordinates"":[]}"
"6_29005,11606_0",113.0,2007,"{""type"":""MultiPoint"",""coordinates"":[]}"
"6_29006,11606_0",108.0,2007,"{""type"":""MultiPoint"",""coordinates"":[]}"
"6_29007,11606_0",110.0,2007,"{""type"":""MultiPoint"",""coordinates"":[]}"
"6_29008,11606_0",109.0,2007,"{""type"":""MultiPoint"",""coordinates"":[]}"
"6_29009,11606_0",113.0,2007,"{""type"":""MultiPoint"",""coordinates"":[]}"
"6_29010,11606_0",115.0,2007,"{""type"":""MultiPoint"",""coordinates"":[]}"
"6_29001,11607_0",109.0,2007,"{""type"":""MultiPoint"",""coordinates"":[]}"
"6_29002,11607_0",107.0,2007,"{""type"":""MultiPoint"",""coordinates"":[]}"
"6_29003,11607_0",110.0,2007,"{""type"":""MultiPoint"",""coordinates"":[]}"
"6_29004,11607_0",110.0,2007,"{""type"":""MultiPoint"",""coordinates"":[]}"
"6_29005,11607_0",108.0,2007,"{""type"":""MultiPoint"",""coordinates"":[]}"
"6_29006,11607_0",110.0,2007,"{""type"":""MultiPoint"",""coordinates"":[]}"
"6_29007,11607_0",109.0,2007,"{""type"":""MultiPoint"",""coordinates"":[]}"
"6_29008,11607_0",112.0,2007,"{""type"":""MultiPoint"",""coordinates"":[]}"
"6_29009,11607_0",117.0,2007,"{""type"":""MultiPoint"",""coordinates"":[]}"
"6_29010,11607_0",115.0,2007,"{""type"":""MultiPoint"",""coordinates"":[]}"
"6_29001,11608_0",109.0,2007,"{""type"":""MultiPoint"",""coordinates"":[]}"
"6_29002,11608_0",107.0,2007,"{""type"":""MultiPoint"",""coordinates"":[]}"
"6_29003,11608_0",109.0,2007,"{""type"":""MultiPoint"",""coordinates"":[]}"
"6_29004,11608_0",109.0,2007,"{""type"":""MultiPoint"",""coordinates"":[]}"
"6_29005,11608_0",107.0,2007,"{""type"":""MultiPoint"",""coordinates"":[]}"
"6_29006,11608_0",106.0,2007,"{""type"":""MultiPoint"",""coordinates"":[]}"
"6_29007,11608_0",112.0,2007,"{""type"":""MultiPoint"",""coordinates"":[]}"
"6_29008,11608_0",113.0,2007,"{""type"":""MultiPoint"",""coordinates"":[]}"
"6_29009,11608_0",110.0,2007,"{""type"":""MultiPoint"",""coordinates"":[]}"
"6_29010,11608_0",114.0,2007,"{""type"":""MultiPoint"",""coordinates"":[]}"
"6_29001,11609_0",107.0,2007,"{""type"":""MultiPoint"",""coordinates"":[]}"
"6_29002,11609_0",109.0,2007,"{""type"":""MultiPoint"",""coordinates"":[]}"
"6_29003,11609_0",110.0,2007,"{""type"":""MultiPoint"",""coordinates"":[]}"
"6_29004,11609_0",111.0,2007,"{""type"":""MultiPoint"",""coordinates"":[]}"
"6_29005,11609_0",109.0,2007,"{""type"":""MultiPoint"",""coordinates"":[]}"
"6_29006,11609_0",107.0,2007,"{""type"":""MultiPoint"",""coordinates"":[]}"
"6_29007,11609_0",115.0,2007,"{""type"":""MultiPoint"",""coordinates"":[]}"
"6_29008,11609_0",114.0,2007,"{""type"":""MultiPoint"",""coordinates"":[]}"
"6_29009,11609_0",113.0,2007,"{""type"":""MultiPoint"",""coordinates"":[]}"
"6_29010,11609_0",112.0,2007,"{""type"":""MultiPoint"",""coordinates"":[]}"
"6_29001,11610_0",113.0,2007,"{""type"":""MultiPoint"",""coordinates"":[]}"
"6_29002,11610_0",114.0,2007,"{""type"":""MultiPoint"",""coordinates"":[]}"
"6_29003,11610_0",115.0,2007,"{""type"":""MultiPoint"",""coordinates"":[]}"
"6_29004,11610_0",115.0,2007,"{""type"":""MultiPoint"",""coordinates"":[]}"
"6_29005,11610_0",112.0,2007,"{""type"":""MultiPoint"",""coordinates"":[]}"
"6_29006,11610_0",116.0,2007,"{""type"":""MultiPoint"",""coordinates"":[]}"
"6_29007,11610_0",114.0,2007,"{""type"":""MultiPoint"",""coordinates"":[]}"
"6_29008,11610_0",108.0,2007,"{""type"":""MultiPoint"",""coordinates"":[]}"
"6_29009,11610_0",117.0,2007,"{""type"":""MultiPoint"",""coordinates"":[]}"
"6_29010,11610_0",108.0,2007,"{""type"":""MultiPoint"",""coordinates"":[]}"
"6_29001,11611_0",113.0,2007,"{""type"":""MultiPoint"",""coordinates"":[]}"
"6_29002,11611_0",116.0,2007,"{""type"":""MultiPoint"",""coordinates"":[]}"
"6_29003,11611_0",114.0,2007,"{""type"":""MultiPoint"",""coordinates"":[]}"
"6_29004,11611_0",115.0,2007,"{""type"":""MultiPoint"",""coordinates"":[]}"
"6_29005,11611_0",115.0,2007,"{""type"":""MultiPoint"",""coordinates"":[]}"
"6_29006,11611_0",114.0,2007,"{""type"":""MultiPoint"",""coordinates"":[]}"
"6_29007,11611_0",115.0,2007,"{""type"":""MultiPoint"",""coordinates"":[]}"
"6_29008,11611_0",113.0,2007,"{""type"":""MultiPoint"",""coordinates"":[]}"
"6_29009,11611_0",114.0,2007,"{""type"":""MultiPoint"",""coordinates"":[]}"
"6_29010,11611_0",115.0,2007,"{""type"":""MultiPoint"",""coordinates"":[]}"
"6_29001,11612_0",104.0,2007,"{""type"":""MultiPoint"",""coordinates"":[]}"
"6_29002,11612_0",104.0,2007,"{""type"":""MultiPoint"",""coordinates"":[]}"
"6_29003,11612_0",105.0,2007,"{""type"":""MultiPoint"",""coordinates"":[]}"
"6_29004,11612_0",113.0,2007,"{""type"":""MultiPoint"",""coordinates"":[]}"
"6_29005,11612_0",115.0,2007,"{""type"":""MultiPoint"",""coordinates"":[]}"
"6_29006,11612_0",115.0,2007,"{""type"":""MultiPoint"",""coordinates"":[]}"
"6_29007,11612_0",111.0,2007,"{""type"":""MultiPoint"",""coordinates"":[]}"
"6_29008,11612_0",115.0,2007,"{""type"":""MultiPoint"",""coordinates"":[]}"
"6_29009,11612_0",115.0,2007,"{""type"":""MultiPoint"",""coordinates"":[]}"
"6_29010,11612_0",114.0,2007,"{""type"":""MultiPoint"",""coordinates"":[]}"
"6_29001,11613_0",108.0,2007,"{""type"":""MultiPoint"",""coordinates"":[]}"
"6_29002,11613_0",110.0,2007,"{""type"":""MultiPoint"",""coordinates"":[]}"
"6_29003,11613_0",112.0,2007,"{""type"":""MultiPoint"",""coordinates"":[]}"
"6_29004,11613_0",112.0,2007,"{""type"":""MultiPoint"",""coordinates"":[]}"
"6_29005,11613_0",114.0,2007,"{""type"":""MultiPoint"",""coordinates"":[]}"
"6_29006,11613_0",114.0,2007,"{""type"":""MultiPoint"",""coordinates"":[]}"
"6_29007,11613_0",113.0,2007,"{""type"":""MultiPoint"",""coordinates"":[]}"
"6_29008,11613_0",113.0,2007,"{""type"":""MultiPoint"",""coordinates"":[]}"
"6_29009,11613_0",111.0,2007,"{""type"":""MultiPoint"",""coordinates"":[]}"
"6_29010,11613_0",110.0,2007,"{""type"":""MultiPoint"",""coordinates"":[]}"
"7_29001,11604_0",112.0,2008,"{""type"":""MultiPoint"",""coordinates"":[]}"
"7_29002,11604_0",112.0,2008,"{""type"":""MultiPoint"",""coordinates"":[]}"
"7_29003,11604_0",112.0,2008,"{""type"":""MultiPoint"",""coordinates"":[]}"
"7_29004,11604_0",110.0,2008,"{""type"":""MultiPoint"",""coordinates"":[]}"
"7_29005,11604_0",110.0,2008,"{""type"":""MultiPoint"",""coordinates"":[]}"
"7_29006,11604_0",113.0,2008,"{""type"":""MultiPoint"",""coordinates"":[]}"
"7_29007,11604_0",113.0,2008,"{""type"":""MultiPoint"",""coordinates"":[]}"
"7_29008,11604_0",110.0,2008,"{""type"":""MultiPoint"",""coordinates"":[]}"
"7_29009,11604_0",103.0,2008,"{""type"":""MultiPoint"",""coordinates"":[]}"
"7_29010,11604_0",102.0,2008,"{""type"":""MultiPoint"",""coordinates"":[]}"
"7_29001,11605_0",103.0,2008,"{""type"":""MultiPoint"",""coordinates"":[]}"
"7_29002,11605_0",105.0,2008,"{""type"":""MultiPoint"",""coordinates"":[]}"
"7_29003,11605_0",101.0,2008,"{""type"":""MultiPoint"",""coordinates"":[]}"
"7_29004,11605_0",105.0,2008,"{""type"":""MultiPoint"",""coordinates"":[]}"
"7_29005,11605_0",114.0,2008,"{""type"":""MultiPoint"",""coordinates"":[]}"
"7_29006,11605_0",116.0,2008,"{""type"":""MultiPoint"",""coordinates"":[]}"
"7_29007,11605_0",105.0,2008,"{""type"":""MultiPoint"",""coordinates"":[]}"
"7_29008,11605_0",109.0,2008,"{""type"":""MultiPoint"",""coordinates"":[]}"
"7_29009,11605_0",112.0,2008,"{""type"":""MultiPoint"",""coordinates"":[]}"
"7_29010,11605_0",112.0,2008,"{""type"":""MultiPoint"",""coordinates"":[]}"
"7_29001,11606_0",104.0,2008,"{""type"":""MultiPoint"",""coordinates"":[]}"
"7_29002,11606_0",103.0,2008,"{""type"":""MultiPoint"",""coordinates"":[]}"
"7_29003,11606_0",115.0,2008,"{""type"":""MultiPoint"",""coordinates"":[]}"
"7_29004,11606_0",115.0,2008,"{""type"":""MultiPoint"",""coordinates"":[]}"
"7_29005,11606_0",102.0,2008,"{""type"":""MultiPoint"",""coordinates"":[]}"
"7_29006,11606_0",110.0,2008,"{""type"":""MultiPoint"",""coordinates"":[]}"
"7_29007,11606_0",103.0,2008,"{""type"":""MultiPoint"",""coordinates"":[]}"
"7_29008,11606_0",100.0,2008,"{""type"":""MultiPoint"",""coordinates"":[]}"
"7_29009,11606_0",113.0,2008,"{""type"":""MultiPoint"",""coordinates"":[]}"
"7_29010,11606_0",96.0,2008,"{""type"":""MultiPoint"",""coordinates"":[]}"
"7_29001,11607_0",111.0,2008,"{""type"":""MultiPoint"",""coordinates"":[]}"
"7_29002,11607_0",109.0,2008,"{""type"":""MultiPoint"",""coordinates"":[]}"
"7_29003,11607_0",112.0,2008,"{""type"":""MultiPoint"",""coordinates"":[]}"
"7_29004,11607_0",111.0,2008,"{""type"":""MultiPoint"",""coordinates"":[]}"
"7_29005,11607_0",110.0,2008,"{""type"":""MultiPoint"",""coordinates"":[]}"
"7_29006,11607_0",106.0,2008,"{""type"":""MultiPoint"",""coordinates"":[]}"
"7_29007,11607_0",112.0,2008,"{""type"":""MultiPoint"",""coordinates"":[]}"
"7_29008,11607_0",107.0,2008,"{""type"":""MultiPoint"",""coordinates"":[]}"
"7_29009,11607_0",109.0,2008,"{""type"":""MultiPoint"",""coordinates"":[]}"
"7_29010,11607_0",110.0,2008,"{""type"":""MultiPoint"",""coordinates"":[]}"
"7_29001,11608_0",108.0,2008,"{""type"":""MultiPoint"",""coordinates"":[]}"
"7_29002,11608_0",111.0,2008,"{""type"":""MultiPoint"",""coordinates"":[]}"
"7_29003,11608_0",102.0,2008,"{""type"":""MultiPoint"",""coordinates"":[]}"
"7_29004,11608_0",110.0,2008,"{""type"":""MultiPoint"",""coordinates"":[]}"
"7_29005,11608_0",109.0,2008,"{""type"":""MultiPoint"",""coordinates"":[]}"
"7_29006,11608_0",114.0,2008,"{""type"":""MultiPoint"",""coordinates"":[]}"
"7_29007,11608_0",96.0,2008,"{""type"":""MultiPoint"",""coordinates"":[]}"
"7_29008,11608_0",104.0,2008,"{""type"":""MultiPoint"",""coordinates"":[]}"
"7_29009,11608_0",105.0,2008,"{""type"":""MultiPoint"",""coordinates"":[]}"
"7_29010,11608_0",106.0,2008,"{""type"":""MultiPoint"",""coordinates"":[]}"
"7_29001,11609_0",106.0,2008,"{""type"":""MultiPoint"",""coordinates"":[]}"
"7_29002,11609_0",110.0,2008,"{""type"":""MultiPoint"",""coordinates"":[]}"
"7_29003,11609_0",111.0,2008,"{""type"":""MultiPoint"",""coordinates"":[]}"
"7_29004,11609_0",112.0,2008,"{""type"":""MultiPoint"",""coordinates"":[]}"
"7_29005,11609_0",114.0,2008,"{""type"":""MultiPoint"",""coordinates"":[]}"
"7_29006,11609_0",106.0,2008,"{""type"":""MultiPoint"",""coordinates"":[]}"
"7_29007,11609_0",106.0,2008,"{""type"":""MultiPoint"",""coordinates"":[]}"
"7_29008,11609_0",108.0,2008,"{""type"":""MultiPoint"",""coordinates"":[]}"
"7_29009,11609_0",105.0,2008,"{""type"":""MultiPoint"",""coordinates"":[]}"
"7_29010,11609_0",108.0,2008,"{""type"":""MultiPoint"",""coordinates"":[]}"
"7_29001,11610_0",113.0,2008,"{""type"":""MultiPoint"",""coordinates"":[]}"
"7_29002,11610_0",112.0,2008,"{""type"":""MultiPoint"",""coordinates"":[]}"
"7_29003,11610_0",113.0,2008,"{""type"":""MultiPoint"",""coordinates"":[]}"
"7_29004,11610_0",111.0,2008,"{""type"":""MultiPoint"",""coordinates"":[]}"
"7_29005,11610_0",108.0,2008,"{""type"":""MultiPoint"",""coordinates"":[]}"
"7_29006,11610_0",110.0,2008,"{""type"":""MultiPoint"",""coordinates"":[]}"
"7_29007,11610_0",110.0,2008,"{""type"":""MultiPoint"",""coordinates"":[]}"
"7_29008,11610_0",105.0,2008,"{""type"":""MultiPoint"",""coordinates"":[]}"
"7_29009,11610_0",96.0,2008,"{""type"":""MultiPoint"",""coordinates"":[]}"
"7_29010,11610_0",111.0,2008,"{""type"":""MultiPoint"",""coordinates"":[]}"
"7_29001,11611_0",112.0,2008,"{""type"":""MultiPoint"",""coordinates"":[]}"
"7_29002,11611_0",108.0,2008,"{""type"":""MultiPoint"",""coordinates"":[]}"
"7_29003,11611_0",112.0,2008,"{""type"":""MultiPoint"",""coordinates"":[]}"
"7_29004,11611_0",114.0,2008,"{""type"":""MultiPoint"",""coordinates"":[]}"
"7_29005,11611_0",111.0,2008,"{""type"":""MultiPoint"",""coordinates"":[]}"
"7_29006,11611_0",113.0,2008,"{""type"":""MultiPoint"",""coordinates"":[]}"
"7_29007,11611_0",109.0,2008,"{""type"":""MultiPoint"",""coordinates"":[]}"
"7_29008,11611_0",115.0,2008,"{""type"":""MultiPoint"",""coordinates"":[]}"
"7_29009,11611_0",100.0,2008,"{""type"":""MultiPoint"",""coordinates"":[]}"
"7_29010,11611_0",114.0,2008,"{""type"":""MultiPoint"",""coordinates"":[]}"
"7_29001,11612_0",100.0,2008,"{""type"":""MultiPoint"",""coordinates"":[]}"
"7_29002,11612_0",100.0,2008,"{""type"":""MultiPoint"",""coordinates"":[]}"
"7_29003,11612_0",103.0,2008,"{""type"":""MultiPoint"",""coordinates"":[]}"
"7_29004,11612_0",104.0,2008,"{""type"":""MultiPoint"",""coordinates"":[]}"
"7_29005,11612_0",107.0,2008,"{""type"":""MultiPoint"",""coordinates"":[]}"
"7_29006,11612_0",110.0,2008,"{""type"":""MultiPoint"",""coordinates"":[]}"
"7_29007,11612_0",110.0,2008,"{""type"":""MultiPoint"",""coordinates"":[]}"
"7_29008,11612_0",111.0,2008,"{""type"":""MultiPoint"",""coordinates"":[]}"
"7_29009,11612_0",107.0,2008,"{""type"":""MultiPoint"",""coordinates"":[]}"
"7_29010,11612_0",99.0,2008,"{""type"":""MultiPoint"",""coordinates"":[]}"
"7_29001,11613_0",101.0,2008,"{""type"":""MultiPoint"",""coordinates"":[]}"
"7_29002,11613_0",104.0,2008,"{""type"":""MultiPoint"",""coordinates"":[]}"
"7_29003,11613_0",107.0,2008,"{""type"":""MultiPoint"",""coordinates"":[]}"
"7_29004,11613_0",103.0,2008,"{""type"":""MultiPoint"",""coordinates"":[]}"
"7_29005,11613_0",111.0,2008,"{""type"":""MultiPoint"",""coordinates"":[]}"
"7_29006,11613_0",117.0,2008,"{""type"":""MultiPoint"",""coordinates"":[]}"
"7_29007,11613_0",115.0,2008,"{""type"":""MultiPoint"",""coordinates"":[]}"
"7_29008,11613_0",118.0,2008,"{""type"":""MultiPoint"",""coordinates"":[]}"
"7_29009,11613_0",120.0,2008,"{""type"":""MultiPoint"",""coordinates"":[]}"
"7_29010,11613_0",101.0,2008,"{""type"":""MultiPoint"",""coordinates"":[]}"
"8_29001,11604_0",109.0,2009,"{""type"":""MultiPoint"",""coordinates"":[]}"
"8_29002,11604_0",112.0,2009,"{""type"":""MultiPoint"",""coordinates"":[]}"
"8_29003,11604_0",109.0,2009,"{""type"":""MultiPoint"",""coordinates"":[]}"
"8_29004,11604_0",109.0,2009,"{""type"":""MultiPoint"",""coordinates"":[]}"
"8_29005,11604_0",106.0,2009,"{""type"":""MultiPoint"",""coordinates"":[]}"
"8_29006,11604_0",109.0,2009,"{""type"":""MultiPoint"",""coordinates"":[]}"
"8_29007,11604_0",107.0,2009,"{""type"":""MultiPoint"",""coordinates"":[]}"
"8_29008,11604_0",107.0,2009,"{""type"":""MultiPoint"",""coordinates"":[]}"
"8_29009,11604_0",109.0,2009,"{""type"":""MultiPoint"",""coordinates"":[]}"
"8_29010,11604_0",110.0,2009,"{""type"":""MultiPoint"",""coordinates"":[]}"
"8_29001,11605_0",111.0,2009,"{""type"":""MultiPoint"",""coordinates"":[]}"
"8_29002,11605_0",104.0,2009,"{""type"":""MultiPoint"",""coordinates"":[]}"
"8_29003,11605_0",113.0,2009,"{""type"":""MultiPoint"",""coordinates"":[]}"
"8_29004,11605_0",110.0,2009,"{""type"":""MultiPoint"",""coordinates"":[]}"
"8_29005,11605_0",109.0,2009,"{""type"":""MultiPoint"",""coordinates"":[]}"
"8_29006,11605_0",110.0,2009,"{""type"":""MultiPoint"",""coordinates"":[]}"
"8_29007,11605_0",103.0,2009,"{""type"":""MultiPoint"",""coordinates"":[]}"
"8_29008,11605_0",109.0,2009,"{""type"":""MultiPoint"",""coordinates"":[]}"
"8_29009,11605_0",110.0,2009,"{""type"":""MultiPoint"",""coordinates"":[]}"
"8_29010,11605_0",103.0,2009,"{""type"":""MultiPoint"",""coordinates"":[]}"
"8_29001,11606_0",111.0,2009,"{""type"":""MultiPoint"",""coordinates"":[]}"
"8_29002,11606_0",111.0,2009,"{""type"":""MultiPoint"",""coordinates"":[]}"
"8_29003,11606_0",111.0,2009,"{""type"":""MultiPoint"",""coordinates"":[]}"
"8_29004,11606_0",100.0,2009,"{""type"":""MultiPoint"",""coordinates"":[]}"
"8_29005,11606_0",110.0,2009,"{""type"":""MultiPoint"",""coordinates"":[]}"
"8_29006,11606_0",106.0,2009,"{""type"":""MultiPoint"",""coordinates"":[]}"
"8_29007,11606_0",109.0,2009,"{""type"":""MultiPoint"",""coordinates"":[]}"
"8_29008,11606_0",101.0,2009,"{""type"":""MultiPoint"",""coordinates"":[]}"
"8_29009,11606_0",112.0,2009,"{""type"":""MultiPoint"",""coordinates"":[]}"
"8_29010,11606_0",94.0,2009,"{""type"":""MultiPoint"",""coordinates"":[]}"
"8_29001,11607_0",105.0,2009,"{""type"":""MultiPoint"",""coordinates"":[]}"
"8_29002,11607_0",110.0,2009,"{""type"":""MultiPoint"",""coordinates"":[]}"
"8_29003,11607_0",111.0,2009,"{""type"":""MultiPoint"",""coordinates"":[]}"
"8_29004,11607_0",110.0,2009,"{""type"":""MultiPoint"",""coordinates"":[]}"
"8_29005,11607_0",107.0,2009,"{""type"":""MultiPoint"",""coordinates"":[]}"
"8_29006,11607_0",107.0,2009,"{""type"":""MultiPoint"",""coordinates"":[]}"
"8_29007,11607_0",112.0,2009,"{""type"":""MultiPoint"",""coordinates"":[]}"
"8_29008,11607_0",109.0,2009,"{""type"":""MultiPoint"",""coordinates"":[]}"
"8_29009,11607_0",104.0,2009,"{""type"":""MultiPoint"",""coordinates"":[]}"
"8_29010,11607_0",109.0,2009,"{""type"":""MultiPoint"",""coordinates"":[]}"
"8_29001,11608_0",107.0,2009,"{""type"":""MultiPoint"",""coordinates"":[]}"
"8_29002,11608_0",110.0,2009,"{""type"":""MultiPoint"",""coordinates"":[]}"
"8_29003,11608_0",104.0,2009,"{""type"":""MultiPoint"",""coordinates"":[]}"
"8_29004,11608_0",109.0,2009,"{""type"":""MultiPoint"",""coordinates"":[]}"
"8_29005,11608_0",98.0,2009,"{""type"":""MultiPoint"",""coordinates"":[]}"
"8_29006,11608_0",97.0,2009,"{""type"":""MultiPoint"",""coordinates"":[]}"
"8_29007,11608_0",106.0,2009,"{""type"":""MultiPoint"",""coordinates"":[]}"
"8_29008,11608_0",110.0,2009,"{""type"":""MultiPoint"",""coordinates"":[]}"
"8_29009,11608_0",108.0,2009,"{""type"":""MultiPoint"",""coordinates"":[]}"
"8_29010,11608_0",109.0,2009,"{""type"":""MultiPoint"",""coordinates"":[]}"
"8_29001,11609_0",110.0,2009,"{""type"":""MultiPoint"",""coordinates"":[]}"
"8_29002,11609_0",100.0,2009,"{""type"":""MultiPoint"",""coordinates"":[]}"
"8_29003,11609_0",104.0,2009,"{""type"":""MultiPoint"",""coordinates"":[]}"
"8_29004,11609_0",104.0,2009,"{""type"":""MultiPoint"",""coordinates"":[]}"
"8_29005,11609_0",108.0,2009,"{""type"":""MultiPoint"",""coordinates"":[]}"
"8_29006,11609_0",100.0,2009,"{""type"":""MultiPoint"",""coordinates"":[]}"
"8_29007,11609_0",104.0,2009,"{""type"":""MultiPoint"",""coordinates"":[]}"
"8_29008,11609_0",105.0,2009,"{""type"":""MultiPoint"",""coordinates"":[]}"
"8_29009,11609_0",112.0,2009,"{""type"":""MultiPoint"",""coordinates"":[]}"
"8_29010,11609_0",82.0,2009,"{""type"":""MultiPoint"",""coordinates"":[]}"
"8_29001,11610_0",112.0,2009,"{""type"":""MultiPoint"",""coordinates"":[]}"
"8_29002,11610_0",112.0,2009,"{""type"":""MultiPoint"",""coordinates"":[]}"
"8_29003,11610_0",110.0,2009,"{""type"":""MultiPoint"",""coordinates"":[]}"
"8_29004,11610_0",112.0,2009,"{""type"":""MultiPoint"",""coordinates"":[]}"
"8_29005,11610_0",105.0,2009,"{""type"":""MultiPoint"",""coordinates"":[]}"
"8_29006,11610_0",110.0,2009,"{""type"":""MultiPoint"",""coordinates"":[]}"
"8_29007,11610_0",106.0,2009,"{""type"":""MultiPoint"",""coordinates"":[]}"
"8_29008,11610_0",104.0,2009,"{""type"":""MultiPoint"",""coordinates"":[]}"
"8_29009,11610_0",102.0,2009,"{""type"":""MultiPoint"",""coordinates"":[]}"
"8_29010,11610_0",101.0,2009,"{""type"":""MultiPoint"",""coordinates"":[]}"
"8_29001,11611_0",112.0,2009,"{""type"":""MultiPoint"",""coordinates"":[]}"
"8_29002,11611_0",111.0,2009,"{""type"":""MultiPoint"",""coordinates"":[]}"
"8_29003,11611_0",112.0,2009,"{""type"":""MultiPoint"",""coordinates"":[]}"
"8_29004,11611_0",111.0,2009,"{""type"":""MultiPoint"",""coordinates"":[]}"
"8_29005,11611_0",110.0,2009,"{""type"":""MultiPoint"",""coordinates"":[]}"
"8_29006,11611_0",112.0,2009,"{""type"":""MultiPoint"",""coordinates"":[]}"
"8_29007,11611_0",108.0,2009,"{""type"":""MultiPoint"",""coordinates"":[]}"
"8_29008,11611_0",113.0,2009,"{""type"":""MultiPoint"",""coordinates"":[]}"
"8_29009,11611_0",112.0,2009,"{""type"":""MultiPoint"",""coordinates"":[]}"
"8_29010,11611_0",105.0,2009,"{""type"":""MultiPoint"",""coordinates"":[]}"
"8_29001,11612_0",97.0,2009,"{""type"":""MultiPoint"",""coordinates"":[]}"
"8_29002,11612_0",100.0,2009,"{""type"":""MultiPoint"",""coordinates"":[]}"
"8_29003,11612_0",101.0,2009,"{""type"":""MultiPoint"",""coordinates"":[]}"
"8_29004,11612_0",107.0,2009,"{""type"":""MultiPoint"",""coordinates"":[]}"
"8_29005,11612_0",110.0,2009,"{""type"":""MultiPoint"",""coordinates"":[]}"
"8_29006,11612_0",113.0,2009,"{""type"":""MultiPoint"",""coordinates"":[]}"
"8_29007,11612_0",110.0,2009,"{""type"":""MultiPoint"",""coordinates"":[]}"
"8_29008,11612_0",109.0,2009,"{""type"":""MultiPoint"",""coordinates"":[]}"
"8_29009,11612_0",109.0,2009,"{""type"":""MultiPoint"",""coordinates"":[]}"
"8_29010,11612_0",110.0,2009,"{""type"":""MultiPoint"",""coordinates"":[]}"
"8_29001,11613_0",112.0,2009,"{""type"":""MultiPoint"",""coordinates"":[]}"
"8_29002,11613_0",108.0,2009,"{""type"":""MultiPoint"",""coordinates"":[]}"
"8_29003,11613_0",104.0,2009,"{""type"":""MultiPoint"",""coordinates"":[]}"
"8_29004,11613_0",107.0,2009,"{""type"":""MultiPoint"",""coordinates"":[]}"
"8_29005,11613_0",112.0,2009,"{""type"":""MultiPoint"",""coordinates"":[]}"
"8_29006,11613_0",113.0,2009,"{""type"":""MultiPoint"",""coordinates"":[]}"
"8_29007,11613_0",113.0,2009,"{""type"":""MultiPoint"",""coordinates"":[]}"
"8_29008,11613_0",108.0,2009,"{""type"":""MultiPoint"",""coordinates"":[]}"
"8_29009,11613_0",100.0,2009,"{""type"":""MultiPoint"",""coordinates"":[]}"
"8_29010,11613_0",114.0,2009,"{""type"":""MultiPoint"",""coordinates"":[]}"
"9_29001,11604_0",93.0,2010,"{""type"":""MultiPoint"",""coordinates"":[]}"
"9_29002,11604_0",105.0,2010,"{""type"":""MultiPoint"",""coordinates"":[]}"
"9_29003,11604_0",99.0,2010,"{""type"":""MultiPoint"",""coordinates"":[]}"
"9_29004,11604_0",93.0,2010,"{""type"":""MultiPoint"",""coordinates"":[]}"
"9_29005,11604_0",102.0,2010,"{""type"":""MultiPoint"",""coordinates"":[]}"
"9_29006,11604_0",107.0,2010,"{""type"":""MultiPoint"",""coordinates"":[]}"
"9_29007,11604_0",100.0,2010,"{""type"":""MultiPoint"",""coordinates"":[]}"
"9_29008,11604_0",104.0,2010,"{""type"":""MultiPoint"",""coordinates"":[]}"
"9_29009,11604_0",105.0,2010,"{""type"":""MultiPoint"",""coordinates"":[]}"
"9_29010,11604_0",110.0,2010,"{""type"":""MultiPoint"",""coordinates"":[]}"
"9_29001,11605_0",93.0,2010,"{""type"":""MultiPoint"",""coordinates"":[]}"
"9_29002,11605_0",106.0,2010,"{""type"":""MultiPoint"",""coordinates"":[]}"
"9_29003,11605_0",101.0,2010,"{""type"":""MultiPoint"",""coordinates"":[]}"
"9_29004,11605_0",100.0,2010,"{""type"":""MultiPoint"",""coordinates"":[]}"
"9_29005,11605_0",106.0,2010,"{""type"":""MultiPoint"",""coordinates"":[]}"
"9_29006,11605_0",108.0,2010,"{""type"":""MultiPoint"",""coordinates"":[]}"
"9_29007,11605_0",105.0,2010,"{""type"":""MultiPoint"",""coordinates"":[]}"
"9_29008,11605_0",105.0,2010,"{""type"":""MultiPoint"",""coordinates"":[]}"
"9_29009,11605_0",108.0,2010,"{""type"":""MultiPoint"",""coordinates"":[]}"
"9_29010,11605_0",91.0,2010,"{""type"":""MultiPoint"",""coordinates"":[]}"
"9_29001,11606_0",109.0,2010,"{""type"":""MultiPoint"",""coordinates"":[]}"
"9_29002,11606_0",107.0,2010,"{""type"":""MultiPoint"",""coordinates"":[]}"
"9_29003,11606_0",104.0,2010,"{""type"":""MultiPoint"",""coordinates"":[]}"
"9_29004,11606_0",104.0,2010,"{""type"":""MultiPoint"",""coordinates"":[]}"
"9_29005,11606_0",108.0,2010,"{""type"":""MultiPoint"",""coordinates"":[]}"
"9_29006,11606_0",104.0,2010,"{""type"":""MultiPoint"",""coordinates"":[]}"
"9_29007,11606_0",108.0,2010,"{""type"":""MultiPoint"",""coordinates"":[]}"
"9_29008,11606_0",88.0,2010,"{""type"":""MultiPoint"",""coordinates"":[]}"
"9_29009,11606_0",95.0,2010,"{""type"":""MultiPoint"",""coordinates"":[]}"
"9_29010,11606_0",93.0,2010,"{""type"":""MultiPoint"",""coordinates"":[]}"
"9_29001,11607_0",105.0,2010,"{""type"":""MultiPoint"",""coordinates"":[]}"
"9_29002,11607_0",103.0,2010,"{""type"":""MultiPoint"",""coordinates"":[]}"
"9_29003,11607_0",103.0,2010,"{""type"":""MultiPoint"",""coordinates"":[]}"
"9_29004,11607_0",104.0,2010,"{""type"":""MultiPoint"",""coordinates"":[]}"
"9_29005,11607_0",102.0,2010,"{""type"":""MultiPoint"",""coordinates"":[]}"
"9_29006,11607_0",101.0,2010,"{""type"":""MultiPoint"",""coordinates"":[]}"
"9_29007,11607_0",102.0,2010,"{""type"":""MultiPoint"",""coordinates"":[]}"
"9_29008,11607_0",106.0,2010,"{""type"":""MultiPoint"",""coordinates"":[]}"
"9_29009,11607_0",94.0,2010,"{""type"":""MultiPoint"",""coordinates"":[]}"
"9_29010,11607_0",91.0,2010,"{""type"":""MultiPoint"",""coordinates"":[]}"
"9_29001,11608_0",105.0,2010,"{""type"":""MultiPoint"",""coordinates"":[]}"
"9_29002,11608_0",94.0,2010,"{""type"":""MultiPoint"",""coordinates"":[]}"
"9_29003,11608_0",94.0,2010,"{""type"":""MultiPoint"",""coordinates"":[]}"
"9_29004,11608_0",103.0,2010,"{""type"":""MultiPoint"",""coordinates"":[]}"
"9_29005,11608_0",99.0,2010,"{""type"":""MultiPoint"",""coordinates"":[]}"
"9_29006,11608_0",91.0,2010,"{""type"":""MultiPoint"",""coordinates"":[]}"
"9_29007,11608_0",96.0,2010,"{""type"":""MultiPoint"",""coordinates"":[]}"
"9_29008,11608_0",92.0,2010,"{""type"":""MultiPoint"",""coordinates"":[]}"
"9_29009,11608_0",95.0,2010,"{""type"":""MultiPoint"",""coordinates"":[]}"
"9_29010,11608_0",101.0,2010,"{""type"":""MultiPoint"",""coordinates"":[]}"
"9_29001,11609_0",91.0,2010,"{""type"":""MultiPoint"",""coordinates"":[]}"
"9_29002,11609_0",97.0,2010,"{""type"":""MultiPoint"",""coordinates"":[]}"
"9_29003,11609_0",103.0,2010,"{""type"":""MultiPoint"",""coordinates"":[]}"
"9_29004,11609_0",102.0,2010,"{""type"":""MultiPoint"",""coordinates"":[]}"
"9_29005,11609_0",100.0,2010,"{""type"":""MultiPoint"",""coordinates"":[]}"
"9_29006,11609_0",105.0,2010,"{""type"":""MultiPoint"",""coordinates"":[]}"
"9_29007,11609_0",93.0,2010,"{""type"":""MultiPoint"",""coordinates"":[]}"
"9_29008,11609_0",90.0,2010,"{""type"":""MultiPoint"",""coordinates"":[]}"
"9_29009,11609_0",90.0,2010,"{""type"":""MultiPoint"",""coordinates"":[]}"
"9_29010,11609_0",84.0,2010,"{""type"":""MultiPoint"",""coordinates"":[]}"
"9_29001,11610_0",86.0,2010,"{""type"":""MultiPoint"",""coordinates"":[]}"
"9_29002,11610_0",95.0,2010,"{""type"":""MultiPoint"",""coordinates"":[]}"
"9_29003,11610_0",99.0,2010,"{""type"":""MultiPoint"",""coordinates"":[]}"
"9_29004,11610_0",103.0,2010,"{""type"":""MultiPoint"",""coordinates"":[]}"
"9_29005,11610_0",105.0,2010,"{""type"":""MultiPoint"",""coordinates"":[]}"
"9_29006,11610_0",95.0,2010,"{""type"":""MultiPoint"",""coordinates"":[]}"
"9_29007,11610_0",104.0,2010,"{""type"":""MultiPoint"",""coordinates"":[]}"
"9_29008,11610_0",101.0,2010,"{""type"":""MultiPoint"",""coordinates"":[]}"
"9_29009,11610_0",97.0,2010,"{""type"":""MultiPoint"",""coordinates"":[]}"
"9_29010,11610_0",82.0,2010,"{""type"":""MultiPoint"",""coordinates"":[]}"
"9_29001,11611_0",95.0,2010,"{""type"":""MultiPoint"",""coordinates"":[]}"
"9_29002,11611_0",106.0,2010,"{""type"":""MultiPoint"",""coordinates"":[]}"
"9_29003,11611_0",107.0,2010,"{""type"":""MultiPoint"",""coordinates"":[]}"
"9_29004,11611_0",106.0,2010,"{""type"":""MultiPoint"",""coordinates"":[]}"
"9_29005,11611_0",94.0,2010,"{""type"":""MultiPoint"",""coordinates"":[]}"
"9_29006,11611_0",97.0,2010,"{""type"":""MultiPoint"",""coordinates"":[]}"
"9_29007,11611_0",88.0,2010,"{""type"":""MultiPoint"",""coordinates"":[]}"
"9_29008,11611_0",104.0,2010,"{""type"":""MultiPoint"",""coordinates"":[]}"
"9_29009,11611_0",102.0,2010,"{""type"":""MultiPoint"",""coordinates"":[]}"
"9_29010,11611_0",106.0,2010,"{""type"":""MultiPoint"",""coordinates"":[]}"
"9_29001,11612_0",96.0,2010,"{""type"":""MultiPoint"",""coordinates"":[]}"
"9_29002,11612_0",92.0,2010,"{""type"":""MultiPoint"",""coordinates"":[]}"
"9_29003,11612_0",92.0,2010,"{""type"":""MultiPoint"",""coordinates"":[]}"
"9_29004,11612_0",93.0,2010,"{""type"":""MultiPoint"",""coordinates"":[]}"
"9_29005,11612_0",96.0,2010,"{""type"":""MultiPoint"",""coordinates"":[]}"
"9_29006,11612_0",95.0,2010,"{""type"":""MultiPoint"",""coordinates"":[]}"
"9_29007,11612_0",84.0,2010,"{""type"":""MultiPoint"",""coordinates"":[]}"
"9_29008,11612_0",84.0,2010,"{""type"":""MultiPoint"",""coordinates"":[]}"
"9_29009,11612_0",85.0,2010,"{""type"":""MultiPoint"",""coordinates"":[]}"
"9_29010,11612_0",96.0,2010,"{""type"":""MultiPoint"",""coordinates"":[]}"
"9_29001,11613_0",84.0,2010,"{""type"":""MultiPoint"",""coordinates"":[]}"
"9_29002,11613_0",95.0,2010,"{""type"":""MultiPoint"",""coordinates"":[]}"
"9_29003,11613_0",96.0,2010,"{""type"":""MultiPoint"",""coordinates"":[]}"
"9_29004,11613_0",103.0,2010,"{""type"":""MultiPoint"",""coordinates"":[]}"
"9_29005,11613_0",108.0,2010,"{""type"":""MultiPoint"",""coordinates"":[]}"
"9_29006,11613_0",99.0,2010,"{""type"":""MultiPoint"",""coordinates"":[]}"
"9_29007,11613_0",92.0,2010,"{""type"":""MultiPoint"",""coordinates"":[]}"
"9_29008,11613_0",94.0,2010,"{""type"":""MultiPoint"",""coordinates"":[]}"
"9_29009,11613_0",108.0,2010,"{""type"":""MultiPoint"",""coordinates"":[]}"
"9_29010,11613_0",107.0,2010,"{""type"":""MultiPoint"",""coordinates"":[]}"
"10_29001,11604_0",114.0,2011,"{""type"":""MultiPoint"",""coordinates"":[]}"
"10_29002,11604_0",110.0,2011,"{""type"":""MultiPoint"",""coordinates"":[]}"
"10_29003,11604_0",104.0,2011,"{""type"":""MultiPoint"",""coordinates"":[]}"
"10_29004,11604_0",105.0,2011,"{""type"":""MultiPoint"",""coordinates"":[]}"
"10_29005,11604_0",101.0,2011,"{""type"":""MultiPoint"",""coordinates"":[]}"
"10_29006,11604_0",108.0,2011,"{""type"":""MultiPoint"",""coordinates"":[]}"
"10_29007,11604_0",101.0,2011,"{""type"":""MultiPoint"",""coordinates"":[]}"
"10_29008,11604_0",99.0,2011,"{""type"":""MultiPoint"",""coordinates"":[]}"
"10_29009,11604_0",106.0,2011,"{""type"":""MultiPoint"",""coordinates"":[]}"
"10_29010,11604_0",103.0,2011,"{""type"":""MultiPoint"",""coordinates"":[]}"
"10_29001,11605_0",106.0,2011,"{""type"":""MultiPoint"",""coordinates"":[]}"
"10_29002,11605_0",106.0,2011,"{""type"":""MultiPoint"",""coordinates"":[]}"
"10_29003,11605_0",100.0,2011,"{""type"":""MultiPoint"",""coordinates"":[]}"
"10_29004,11605_0",110.0,2011,"{""type"":""MultiPoint"",""coordinates"":[]}"
"10_29005,11605_0",105.0,2011,"{""type"":""MultiPoint"",""coordinates"":[]}"
"10_29006,11605_0",112.0,2011,"{""type"":""MultiPoint"",""coordinates"":[]}"
"10_29007,11605_0",105.0,2011,"{""type"":""MultiPoint"",""coordinates"":[]}"
"10_29008,11605_0",105.0,2011,"{""type"":""MultiPoint"",""coordinates"":[]}"
"10_29009,11605_0",103.0,2011,"{""type"":""MultiPoint"",""coordinates"":[]}"
"10_29010,11605_0",104.0,2011,"{""type"":""MultiPoint"",""coordinates"":[]}"
"10_29001,11606_0",114.0,2011,"{""type"":""MultiPoint"",""coordinates"":[]}"
"10_29002,11606_0",113.0,2011,"{""type"":""MultiPoint"",""coordinates"":[]}"
"10_29003,11606_0",113.0,2011,"{""type"":""MultiPoint"",""coordinates"":[]}"
"10_29004,11606_0",111.0,2011,"{""type"":""MultiPoint"",""coordinates"":[]}"
"10_29005,11606_0",103.0,2011,"{""type"":""MultiPoint"",""coordinates"":[]}"
"10_29006,11606_0",103.0,2011,"{""type"":""MultiPoint"",""coordinates"":[]}"
"10_29007,11606_0",94.0,2011,"{""type"":""MultiPoint"",""coordinates"":[]}"
"10_29008,11606_0",100.0,2011,"{""type"":""MultiPoint"",""coordinates"":[]}"
"10_29009,11606_0",98.0,2011,"{""type"":""MultiPoint"",""coordinates"":[]}"
"10_29010,11606_0",100.0,2011,"{""type"":""MultiPoint"",""coordinates"":[]}"
"10_29001,11607_0",106.0,2011,"{""type"":""MultiPoint"",""coordinates"":[]}"
"10_29002,11607_0",101.0,2011,"{""type"":""MultiPoint"",""coordinates"":[]}"
"10_29003,11607_0",99.0,2011,"{""type"":""MultiPoint"",""coordinates"":[]}"
"10_29004,11607_0",100.0,2011,"{""type"":""MultiPoint"",""coordinates"":[]}"
"10_29005,11607_0",102.0,2011,"{""type"":""MultiPoint"",""coordinates"":[]}"
"10_29006,11607_0",112.0,2011,"{""type"":""MultiPoint"",""coordinates"":[]}"
"10_29007,11607_0",98.0,2011,"{""type"":""MultiPoint"",""coordinates"":[]}"
"10_29008,11607_0",97.0,2011,"{""type"":""MultiPoint"",""coordinates"":[]}"
"10_29009,11607_0",95.0,2011,"{""type"":""MultiPoint"",""coordinates"":[]}"
"10_29010,11607_0",104.0,2011,"{""type"":""MultiPoint"",""coordinates"":[]}"
"10_29001,11608_0",98.0,2011,"{""type"":""MultiPoint"",""coordinates"":[]}"
"10_29002,11608_0",105.0,2011,"{""type"":""MultiPoint"",""coordinates"":[]}"
"10_29003,11608_0",102.0,2011,"{""type"":""MultiPoint"",""coordinates"":[]}"
"10_29004,11608_0",108.0,2011,"{""type"":""MultiPoint"",""coordinates"":[]}"
"10_29005,11608_0",100.0,2011,"{""type"":""MultiPoint"",""coordinates"":[]}"
"10_29006,11608_0",94.0,2011,"{""type"":""MultiPoint"",""coordinates"":[]}"
"10_29007,11608_0",103.0,2011,"{""type"":""MultiPoint"",""coordinates"":[]}"
"10_29008,11608_0",80.0,2011,"{""type"":""MultiPoint"",""coordinates"":[]}"
"10_29009,11608_0",103.0,2011,"{""type"":""MultiPoint"",""coordinates"":[]}"
"10_29010,11608_0",107.0,2011,"{""type"":""MultiPoint"",""coordinates"":[]}"
"10_29001,11609_0",103.0,2011,"{""type"":""MultiPoint"",""coordinates"":[]}"
"10_29002,11609_0",100.0,2011,"{""type"":""MultiPoint"",""coordinates"":[]}"
"10_29003,11609_0",109.0,2011,"{""type"":""MultiPoint"",""coordinates"":[]}"
"10_29004,11609_0",103.0,2011,"{""type"":""MultiPoint"",""coordinates"":[]}"
"10_29005,11609_0",101.0,2011,"{""type"":""MultiPoint"",""coordinates"":[]}"
"10_29006,11609_0",110.0,2011,"{""type"":""MultiPoint"",""coordinates"":[]}"
"10_29007,11609_0",107.0,2011,"{""type"":""MultiPoint"",""coordinates"":[]}"
"10_29008,11609_0",108.0,2011,"{""type"":""MultiPoint"",""coordinates"":[]}"
"10_29009,11609_0",102.0,2011,"{""type"":""MultiPoint"",""coordinates"":[]}"
"10_29010,11609_0",104.0,2011,"{""type"":""MultiPoint"",""coordinates"":[]}"
"10_29001,11610_0",111.0,2011,"{""type"":""MultiPoint"",""coordinates"":[]}"
"10_29002,11610_0",115.0,2011,"{""type"":""MultiPoint"",""coordinates"":[]}"
"10_29003,11610_0",109.0,2011,"{""type"":""MultiPoint"",""coordinates"":[]}"
"10_29004,11610_0",108.0,2011,"{""type"":""MultiPoint"",""coordinates"":[]}"
"10_29005,11610_0",106.0,2011,"{""type"":""MultiPoint"",""coordinates"":[]}"
"10_29006,11610_0",103.0,2011,"{""type"":""MultiPoint"",""coordinates"":[]}"
"10_29007,11610_0",104.0,2011,"{""type"":""MultiPoint"",""coordinates"":[]}"
"10_29008,11610_0",94.0,2011,"{""type"":""MultiPoint"",""coordinates"":[]}"
"10_29009,11610_0",85.0,2011,"{""type"":""MultiPoint"",""coordinates"":[]}"
"10_29010,11610_0",97.0,2011,"{""type"":""MultiPoint"",""coordinates"":[]}"
"10_29001,11611_0",106.0,2011,"{""type"":""MultiPoint"",""coordinates"":[]}"
"10_29002,11611_0",105.0,2011,"{""type"":""MultiPoint"",""coordinates"":[]}"
"10_29003,11611_0",103.0,2011,"{""type"":""MultiPoint"",""coordinates"":[]}"
"10_29004,11611_0",114.0,2011,"{""type"":""MultiPoint"",""coordinates"":[]}"
"10_29005,11611_0",114.0,2011,"{""type"":""MultiPoint"",""coordinates"":[]}"
"10_29006,11611_0",107.0,2011,"{""type"":""MultiPoint"",""coordinates"":[]}"
"10_29007,11611_0",100.0,2011,"{""type"":""MultiPoint"",""coordinates"":[]}"
"10_29008,11611_0",100.0,2011,"{""type"":""MultiPoint"",""coordinates"":[]}"
"10_29009,11611_0",112.0,2011,"{""type"":""MultiPoint"",""coordinates"":[]}"
"10_29010,11611_0",97.0,2011,"{""type"":""MultiPoint"",""coordinates"":[]}"
"10_29001,11612_0",98.0,2011,"{""type"":""MultiPoint"",""coordinates"":[]}"
"10_29002,11612_0",104.0,2011,"{""type"":""MultiPoint"",""coordinates"":[]}"
"10_29003,11612_0",105.0,2011,"{""type"":""MultiPoint"",""coordinates"":[]}"
"10_29004,11612_0",108.0,2011,"{""type"":""MultiPoint"",""coordinates"":[]}"
"10_29005,11612_0",110.0,2011,"{""type"":""MultiPoint"",""coordinates"":[]}"
"10_29006,11612_0",108.0,2011,"{""type"":""MultiPoint"",""coordinates"":[]}"
"10_29007,11612_0",101.0,2011,"{""type"":""MultiPoint"",""coordinates"":[]}"
"10_29008,11612_0",103.0,2011,"{""type"":""MultiPoint"",""coordinates"":[]}"
"10_29009,11612_0",98.0,2011,"{""type"":""MultiPoint"",""coordinates"":[]}"
"10_29010,11612_0",103.0,2011,"{""type"":""MultiPoint"",""coordinates"":[]}"
"10_29001,11613_0",115.0,2011,"{""type"":""MultiPoint"",""coordinates"":[]}"
"10_29002,11613_0",109.0,2011,"{""type"":""MultiPoint"",""coordinates"":[]}"
"10_29003,11613_0",102.0,2011,"{""type"":""MultiPoint"",""coordinates"":[]}"
"10_29004,11613_0",106.0,2011,"{""type"":""MultiPoint"",""coordinates"":[]}"
"10_29005,11613_0",103.0,2011,"{""type"":""MultiPoint"",""coordinates"":[]}"
"10_29006,11613_0",113.0,2011,"{""type"":""MultiPoint"",""coordinates"":[]}"
"10_29007,11613_0",110.0,2011,"{""type"":""MultiPoint"",""coordinates"":[]}"
"10_29008,11613_0",112.0,2011,"{""type"":""MultiPoint"",""coordinates"":[]}"
"10_29009,11613_0",104.0,2011,"{""type"":""MultiPoint"",""coordinates"":[]}"
"10_29010,11613_0",111.0,2011,"{""type"":""MultiPoint"",""coordinates"":[]}"
"11_29001,11604_0",105.0,2012,"{""type"":""MultiPoint"",""coordinates"":[]}"
"11_29002,11604_0",106.0,2012,"{""type"":""MultiPoint"",""coordinates"":[]}"
"11_29003,11604_0",104.0,2012,"{""type"":""MultiPoint"",""coordinates"":[]}"
"11_29004,11604_0",106.0,2012,"{""type"":""MultiPoint"",""coordinates"":[]}"
"11_29005,11604_0",100.0,2012,"{""type"":""MultiPoint"",""coordinates"":[]}"
"11_29006,11604_0",103.0,2012,"{""type"":""MultiPoint"",""coordinates"":[]}"
"11_29007,11604_0",106.0,2012,"{""type"":""MultiPoint"",""coordinates"":[]}"
"11_29008,11604_0",102.0,2012,"{""type"":""MultiPoint"",""coordinates"":[]}"
"11_29009,11604_0",104.0,2012,"{""type"":""MultiPoint"",""coordinates"":[]}"
"11_29010,11604_0",106.0,2012,"{""type"":""MultiPoint"",""coordinates"":[]}"
"11_29001,11605_0",104.0,2012,"{""type"":""MultiPoint"",""coordinates"":[]}"
"11_29002,11605_0",105.0,2012,"{""type"":""MultiPoint"",""coordinates"":[]}"
"11_29003,11605_0",103.0,2012,"{""type"":""MultiPoint"",""coordinates"":[]}"
"11_29004,11605_0",102.0,2012,"{""type"":""MultiPoint"",""coordinates"":[]}"
"11_29005,11605_0",104.0,2012,"{""type"":""MultiPoint"",""coordinates"":[]}"
"11_29006,11605_0",107.0,2012,"{""type"":""MultiPoint"",""coordinates"":[]}"
"11_29007,11605_0",101.0,2012,"{""type"":""MultiPoint"",""coordinates"":[]}"
"11_29008,11605_0",106.0,2012,"{""type"":""MultiPoint"",""coordinates"":[]}"
"11_29009,11605_0",103.0,2012,"{""type"":""MultiPoint"",""coordinates"":[]}"
"11_29010,11605_0",99.0,2012,"{""type"":""MultiPoint"",""coordinates"":[]}"
"11_29001,11606_0",105.0,2012,"{""type"":""MultiPoint"",""coordinates"":[]}"
"11_29002,11606_0",105.0,2012,"{""type"":""MultiPoint"",""coordinates"":[]}"
"11_29003,11606_0",105.0,2012,"{""type"":""MultiPoint"",""coordinates"":[]}"
"11_29004,11606_0",98.0,2012,"{""type"":""MultiPoint"",""coordinates"":[]}"
"11_29005,11606_0",102.0,2012,"{""type"":""MultiPoint"",""coordinates"":[]}"
"11_29006,11606_0",106.0,2012,"{""type"":""MultiPoint"",""coordinates"":[]}"
"11_29007,11606_0",105.0,2012,"{""type"":""MultiPoint"",""coordinates"":[]}"
"11_29008,11606_0",101.0,2012,"{""type"":""MultiPoint"",""coordinates"":[]}"
"11_29009,11606_0",103.0,2012,"{""type"":""MultiPoint"",""coordinates"":[]}"
"11_29010,11606_0",101.0,2012,"{""type"":""MultiPoint"",""coordinates"":[]}"
"11_29001,11607_0",100.0,2012,"{""type"":""MultiPoint"",""coordinates"":[]}"
"11_29002,11607_0",100.0,2012,"{""type"":""MultiPoint"",""coordinates"":[]}"
"11_29003,11607_0",101.0,2012,"{""type"":""MultiPoint"",""coordinates"":[]}"
"11_29004,11607_0",100.0,2012,"{""type"":""MultiPoint"",""coordinates"":[]}"
"11_29005,11607_0",102.0,2012,"{""type"":""MultiPoint"",""coordinates"":[]}"
"11_29006,11607_0",102.0,2012,"{""type"":""MultiPoint"",""coordinates"":[]}"
"11_29007,11607_0",99.0,2012,"{""type"":""MultiPoint"",""coordinates"":[]}"
"11_29008,11607_0",104.0,2012,"{""type"":""MultiPoint"",""coordinates"":[]}"
"11_29009,11607_0",98.0,2012,"{""type"":""MultiPoint"",""coordinates"":[]}"
"11_29010,11607_0",105.0,2012,"{""type"":""MultiPoint"",""coordinates"":[]}"
"11_29001,11608_0",98.0,2012,"{""type"":""MultiPoint"",""coordinates"":[]}"
"11_29002,11608_0",98.0,2012,"{""type"":""MultiPoint"",""coordinates"":[]}"
"11_29003,11608_0",100.0,2012,"{""type"":""MultiPoint"",""coordinates"":[]}"
"11_29004,11608_0",101.0,2012,"{""type"":""MultiPoint"",""coordinates"":[]}"
"11_29005,11608_0",95.0,2012,"{""type"":""MultiPoint"",""coordinates"":[]}"
"11_29006,11608_0",98.0,2012,"{""type"":""MultiPoint"",""coordinates"":[]}"
"11_29007,11608_0",96.0,2012,"{""type"":""MultiPoint"",""coordinates"":[]}"
"11_29008,11608_0",102.0,2012,"{""type"":""MultiPoint"",""coordinates"":[]}"
"11_29009,11608_0",105.0,2012,"{""type"":""MultiPoint"",""coordinates"":[]}"
"11_29010,11608_0",104.0,2012,"{""type"":""MultiPoint"",""coordinates"":[]}"
"11_29001,11609_0",96.0,2012,"{""type"":""MultiPoint"",""coordinates"":[]}"
"11_29002,11609_0",98.0,2012,"{""type"":""MultiPoint"",""coordinates"":[]}"
"11_29003,11609_0",101.0,2012,"{""type"":""MultiPoint"",""coordinates"":[]}"
"11_29004,11609_0",99.0,2012,"{""type"":""MultiPoint"",""coordinates"":[]}"
"11_29005,11609_0",102.0,2012,"{""type"":""MultiPoint"",""coordinates"":[]}"
"11_29006,11609_0",96.0,2012,"{""type"":""MultiPoint"",""coordinates"":[]}"
"11_29007,11609_0",100.0,2012,"{""type"":""MultiPoint"",""coordinates"":[]}"
"11_29008,11609_0",103.0,2012,"{""type"":""MultiPoint"",""coordinates"":[]}"
"11_29009,11609_0",98.0,2012,"{""type"":""MultiPoint"",""coordinates"":[]}"
"11_29010,11609_0",98.0,2012,"{""type"":""MultiPoint"",""coordinates"":[]}"
"11_29001,11610_0",102.0,2012,"{""type"":""MultiPoint"",""coordinates"":[]}"
"11_29002,11610_0",104.0,2012,"{""type"":""MultiPoint"",""coordinates"":[]}"
"11_29003,11610_0",99.0,2012,"{""type"":""MultiPoint"",""coordinates"":[]}"
"11_29004,11610_0",95.0,2012,"{""type"":""MultiPoint"",""coordinates"":[]}"
"11_29005,11610_0",100.0,2012,"{""type"":""MultiPoint"",""coordinates"":[]}"
"11_29006,11610_0",102.0,2012,"{""type"":""MultiPoint"",""coordinates"":[]}"
"11_29007,11610_0",101.0,2012,"{""type"":""MultiPoint"",""coordinates"":[]}"
"11_29008,11610_0",95.0,2012,"{""type"":""MultiPoint"",""coordinates"":[]}"
"11_29009,11610_0",87.0,2012,"{""type"":""MultiPoint"",""coordinates"":[]}"
"11_29010,11610_0",102.0,2012,"{""type"":""MultiPoint"",""coordinates"":[]}"
"11_29001,11611_0",104.0,2012,"{""type"":""MultiPoint"",""coordinates"":[]}"
"11_29002,11611_0",102.0,2012,"{""type"":""MultiPoint"",""coordinates"":[]}"
"11_29003,11611_0",101.0,2012,"{""type"":""MultiPoint"",""coordinates"":[]}"
"11_29004,11611_0",101.0,2012,"{""type"":""MultiPoint"",""coordinates"":[]}"
"11_29005,11611_0",101.0,2012,"{""type"":""MultiPoint"",""coordinates"":[]}"
"11_29006,11611_0",105.0,2012,"{""type"":""MultiPoint"",""coordinates"":[]}"
"11_29007,11611_0",98.0,2012,"{""type"":""MultiPoint"",""coordinates"":[]}"
"11_29008,11611_0",100.0,2012,"{""type"":""MultiPoint"",""coordinates"":[]}"
"11_29009,11611_0",105.0,2012,"{""type"":""MultiPoint"",""coordinates"":[]}"
"11_29010,11611_0",89.0,2012,"{""type"":""MultiPoint"",""coordinates"":[]}"
"11_29001,11612_0",94.0,2012,"{""type"":""MultiPoint"",""coordinates"":[]}"
"11_29002,11612_0",92.0,2012,"{""type"":""MultiPoint"",""coordinates"":[]}"
"11_29003,11612_0",92.0,2012,"{""type"":""MultiPoint"",""coordinates"":[]}"
"11_29004,11612_0",94.0,2012,"{""type"":""MultiPoint"",""coordinates"":[]}"
"11_29005,11612_0",104.0,2012,"{""type"":""MultiPoint"",""coordinates"":[]}"
"11_29006,11612_0",103.0,2012,"{""type"":""MultiPoint"",""coordinates"":[]}"
"11_29007,11612_0",101.0,2012,"{""type"":""MultiPoint"",""coordinates"":[]}"
"11_29008,11612_0",100.0,2012,"{""type"":""MultiPoint"",""coordinates"":[]}"
"11_29009,11612_0",105.0,2012,"{""type"":""MultiPoint"",""coordinates"":[]}"
"11_29010,11612_0",105.0,2012,"{""type"":""MultiPoint"",""coordinates"":[]}"
"11_29001,11613_0",102.0,2012,"{""type"":""MultiPoint"",""coordinates"":[]}"
"11_29002,11613_0",102.0,2012,"{""type"":""MultiPoint"",""coordinates"":[]}"
"11_29003,11613_0",96.0,2012,"{""type"":""MultiPoint"",""coordinates"":[]}"
"11_29004,11613_0",95.0,2012,"{""type"":""MultiPoint"",""coordinates"":[]}"
"11_29005,11613_0",102.0,2012,"{""type"":""MultiPoint"",""coordinates"":[]}"
"11_29006,11613_0",103.0,2012,"{""type"":""MultiPoint"",""coordinates"":[]}"
"11_29007,11613_0",104.0,2012,"{""type"":""MultiPoint"",""coordinates"":[]}"
"11_29008,11613_0",103.0,2012,"{""type"":""MultiPoint"",""coordinates"":[]}"
"11_29009,11613_0",105.0,2012,"{""type"":""MultiPoint"",""coordinates"":[]}"
"11_29010,11613_0",102.0,2012,"{""type"":""MultiPoint"",""coordinates"":[]}"
"12_29001,11604_0",105.0,2013,"{""type"":""MultiPoint"",""coordinates"":[]}"
"12_29002,11604_0",110.0,2013,"{""type"":""MultiPoint"",""coordinates"":[]}"
"12_29003,11604_0",110.0,2013,"{""type"":""MultiPoint"",""coordinates"":[]}"
"12_29004,11604_0",107.0,2013,"{""type"":""MultiPoint"",""coordinates"":[]}"
"12_29005,11604_0",104.0,2013,"{""type"":""MultiPoint"",""coordinates"":[]}"
"12_29006,11604_0",106.0,2013,"{""type"":""MultiPoint"",""coordinates"":[]}"
"12_29007,11604_0",107.0,2013,"{""type"":""MultiPoint"",""coordinates"":[]}"
"12_29008,11604_0",108.0,2013,"{""type"":""MultiPoint"",""coordinates"":[]}"
"12_29009,11604_0",110.0,2013,"{""type"":""MultiPoint"",""coordinates"":[]}"
"12_29010,11604_0",112.0,2013,"{""type"":""MultiPoint"",""coordinates"":[]}"
"12_29001,11605_0",112.0,2013,"{""type"":""MultiPoint"",""coordinates"":[]}"
"12_29002,11605_0",112.0,2013,"{""type"":""MultiPoint"",""coordinates"":[]}"
"12_29003,11605_0",111.0,2013,"{""type"":""MultiPoint"",""coordinates"":[]}"
"12_29004,11605_0",108.0,2013,"{""type"":""MultiPoint"",""coordinates"":[]}"
"12_29005,11605_0",102.0,2013,"{""type"":""MultiPoint"",""coordinates"":[]}"
"12_29006,11605_0",110.0,2013,"{""type"":""MultiPoint"",""coordinates"":[]}"
"12_29007,11605_0",108.0,2013,"{""type"":""MultiPoint"",""coordinates"":[]}"
"12_29008,11605_0",106.0,2013,"{""type"":""MultiPoint"",""coordinates"":[]}"
"12_29009,11605_0",103.0,2013,"{""type"":""MultiPoint"",""coordinates"":[]}"
"12_29010,11605_0",106.0,2013,"{""type"":""MultiPoint"",""coordinates"":[]}"
"12_29001,11606_0",108.0,2013,"{""type"":""MultiPoint"",""coordinates"":[]}"
"12_29002,11606_0",109.0,2013,"{""type"":""MultiPoint"",""coordinates"":[]}"
"12_29003,11606_0",111.0,2013,"{""type"":""MultiPoint"",""coordinates"":[]}"
"12_29004,11606_0",110.0,2013,"{""type"":""MultiPoint"",""coordinates"":[]}"
"12_29005,11606_0",109.0,2013,"{""type"":""MultiPoint"",""coordinates"":[]}"
"12_29006,11606_0",111.0,2013,"{""type"":""MultiPoint"",""coordinates"":[]}"
"12_29007,11606_0",105.0,2013,"{""type"":""MultiPoint"",""coordinates"":[]}"
"12_29008,11606_0",112.0,2013,"{""type"":""MultiPoint"",""coordinates"":[]}"
"12_29009,11606_0",109.0,2013,"{""type"":""MultiPoint"",""coordinates"":[]}"
"12_29010,11606_0",109.0,2013,"{""type"":""MultiPoint"",""coordinates"":[]}"
"12_29001,11607_0",108.0,2013,"{""type"":""MultiPoint"",""coordinates"":[]}"
"12_29002,11607_0",107.0,2013,"{""type"":""MultiPoint"",""coordinates"":[]}"
"12_29003,11607_0",107.0,2013,"{""type"":""MultiPoint"",""coordinates"":[]}"
"12_29004,11607_0",108.0,2013,"{""type"":""MultiPoint"",""coordinates"":[]}"
"12_29005,11607_0",109.0,2013,"{""type"":""MultiPoint"",""coordinates"":[]}"
"12_29006,11607_0",107.0,2013,"{""type"":""MultiPoint"",""coordinates"":[]}"
"12_29007,11607_0",106.0,2013,"{""type"":""MultiPoint"",""coordinates"":[]}"
"12_29008,11607_0",113.0,2013,"{""type"":""MultiPoint"",""coordinates"":[]}"
"12_29009,11607_0",114.0,2013,"{""type"":""MultiPoint"",""coordinates"":[]}"
"12_29010,11607_0",115.0,2013,"{""type"":""MultiPoint"",""coordinates"":[]}"
"12_29001,11608_0",109.0,2013,"{""type"":""MultiPoint"",""coordinates"":[]}"
"12_29002,11608_0",106.0,2013,"{""type"":""MultiPoint"",""coordinates"":[]}"
"12_29003,11608_0",107.0,2013,"{""type"":""MultiPoint"",""coordinates"":[]}"
"12_29004,11608_0",108.0,2013,"{""type"":""MultiPoint"",""coordinates"":[]}"
"12_29005,11608_0",105.0,2013,"{""type"":""MultiPoint"",""coordinates"":[]}"
"12_29006,11608_0",106.0,2013,"{""type"":""MultiPoint"",""coordinates"":[]}"
"12_29007,11608_0",106.0,2013,"{""type"":""MultiPoint"",""coordinates"":[]}"
"12_29008,11608_0",109.0,2013,"{""type"":""MultiPoint"",""coordinates"":[]}"
"12_29009,11608_0",112.0,2013,"{""type"":""MultiPoint"",""coordinates"":[]}"
"12_29010,11608_0",109.0,2013,"{""type"":""MultiPoint"",""coordinates"":[]}"
"12_29001,11609_0",108.0,2013,"{""type"":""MultiPoint"",""coordinates"":[]}"
"12_29002,11609_0",109.0,2013,"{""type"":""MultiPoint"",""coordinates"":[]}"
"12_29003,11609_0",107.0,2013,"{""type"":""MultiPoint"",""coordinates"":[]}"
"12_29004,11609_0",107.0,2013,"{""type"":""MultiPoint"",""coordinates"":[]}"
"12_29005,11609_0",108.0,2013,"{""type"":""MultiPoint"",""coordinates"":[]}"
"12_29006,11609_0",103.0,2013,"{""type"":""MultiPoint"",""coordinates"":[]}"
"12_29007,11609_0",109.0,2013,"{""type"":""MultiPoint"",""coordinates"":[]}"
"12_29008,11609_0",113.0,2013,"{""type"":""MultiPoint"",""coordinates"":[]}"
"12_29009,11609_0",107.0,2013,"{""type"":""MultiPoint"",""coordinates"":[]}"
"12_29010,11609_0",108.0,2013,"{""type"":""MultiPoint"",""coordinates"":[]}"
"12_29001,11610_0",110.0,2013,"{""type"":""MultiPoint"",""coordinates"":[]}"
"12_29002,11610_0",111.0,2013,"{""type"":""MultiPoint"",""coordinates"":[]}"
"12_29003,11610_0",112.0,2013,"{""type"":""MultiPoint"",""coordinates"":[]}"
"12_29004,11610_0",112.0,2013,"{""type"":""MultiPoint"",""coordinates"":[]}"
"12_29005,11610_0",109.0,2013,"{""type"":""MultiPoint"",""coordinates"":[]}"
"12_29006,11610_0",113.0,2013,"{""type"":""MultiPoint"",""coordinates"":[]}"
"12_29007,11610_0",106.0,2013,"{""type"":""MultiPoint"",""coordinates"":[]}"
"12_29008,11610_0",103.0,2013,"{""type"":""MultiPoint"",""coordinates"":[]}"
"12_29009,11610_0",110.0,2013,"{""type"":""MultiPoint"",""coordinates"":[]}"
"12_29010,11610_0",107.0,2013,"{""type"":""MultiPoint"",""coordinates"":[]}"
"12_29001,11611_0",107.0,2013,"{""type"":""MultiPoint"",""coordinates"":[]}"
"12_29002,11611_0",106.0,2013,"{""type"":""MultiPoint"",""coordinates"":[]}"
"12_29003,11611_0",108.0,2013,"{""type"":""MultiPoint"",""coordinates"":[]}"
"12_29004,11611_0",108.0,2013,"{""type"":""MultiPoint"",""coordinates"":[]}"
"12_29005,11611_0",111.0,2013,"{""type"":""MultiPoint"",""coordinates"":[]}"
"12_29006,11611_0",109.0,2013,"{""type"":""MultiPoint"",""coordinates"":[]}"
"12_29007,11611_0",109.0,2013,"{""type"":""MultiPoint"",""coordinates"":[]}"
"12_29008,11611_0",98.0,2013,"{""type"":""MultiPoint"",""coordinates"":[]}"
"12_29009,11611_0",111.0,2013,"{""type"":""MultiPoint"",""coordinates"":[]}"
"12_29010,11611_0",110.0,2013,"{""type"":""MultiPoint"",""coordinates"":[]}"
"12_29001,11612_0",103.0,2013,"{""type"":""MultiPoint"",""coordinates"":[]}"
"12_29002,11612_0",104.0,2013,"{""type"":""MultiPoint"",""coordinates"":[]}"
"12_29003,11612_0",104.0,2013,"{""type"":""MultiPoint"",""coordinates"":[]}"
"12_29004,11612_0",104.0,2013,"{""type"":""MultiPoint"",""coordinates"":[]}"
"12_29005,11612_0",100.0,2013,"{""type"":""MultiPoint"",""coordinates"":[]}"
"12_29006,11612_0",110.0,2013,"{""type"":""MultiPoint"",""coordinates"":[]}"
"12_29007,11612_0",106.0,2013,"{""type"":""MultiPoint"",""coordinates"":[]}"
"12_29008,11612_0",113.0,2013,"{""type"":""MultiPoint"",""coordinates"":[]}"
"12_29009,11612_0",110.0,2013,"{""type"":""MultiPoint"",""coordinates"":[]}"
"12_29010,11612_0",113.0,2013,"{""type"":""MultiPoint"",""coordinates"":[]}"
"12_29001,11613_0",104.0,2013,"{""type"":""MultiPoint"",""coordinates"":[]}"
"12_29002,11613_0",107.0,2013,"{""type"":""MultiPoint"",""coordinates"":[]}"
"12_29003,11613_0",105.0,2013,"{""type"":""MultiPoint"",""coordinates"":[]}"
"12_29004,11613_0",107.0,2013,"{""type"":""MultiPoint"",""coordinates"":[]}"
"12_29005,11613_0",103.0,2013,"{""type"":""MultiPoint"",""coordinates"":[]}"
"12_29006,11613_0",114.0,2013,"{""type"":""MultiPoint"",""coordinates"":[]}"
"12_29007,11613_0",110.0,2013,"{""type"":""MultiPoint"",""coordinates"":[]}"
"12_29008,11613_0",112.0,2013,"{""type"":""MultiPoint"",""coordinates"":[]}"
"12_29009,11613_0",113.0,2013,"{""type"":""MultiPoint"",""coordinates"":[]}"
"12_29010,11613_0",112.0,2013,"{""type"":""MultiPoint"",""coordinates"":[]}"
"13_29001,11604_0",109.0,2014,"{""type"":""MultiPoint"",""coordinates"":[]}"
"13_29002,11604_0",109.0,2014,"{""type"":""MultiPoint"",""coordinates"":[]}"
"13_29003,11604_0",111.0,2014,"{""type"":""MultiPoint"",""coordinates"":[]}"
"13_29004,11604_0",106.0,2014,"{""type"":""MultiPoint"",""coordinates"":[]}"
"13_29005,11604_0",100.0,2014,"{""type"":""MultiPoint"",""coordinates"":[]}"
"13_29006,11604_0",110.0,2014,"{""type"":""MultiPoint"",""coordinates"":[]}"
"13_29007,11604_0",110.0,2014,"{""type"":""MultiPoint"",""coordinates"":[]}"
"13_29008,11604_0",113.0,2014,"{""type"":""MultiPoint"",""coordinates"":[]}"
"13_29009,11604_0",109.0,2014,"{""type"":""MultiPoint"",""coordinates"":[]}"
"13_29010,11604_0",118.0,2014,"{""type"":""MultiPoint"",""coordinates"":[]}"
"13_29001,11605_0",105.0,2014,"{""type"":""MultiPoint"",""coordinates"":[]}"
"13_29002,11605_0",104.0,2014,"{""type"":""MultiPoint"",""coordinates"":[]}"
"13_29003,11605_0",105.0,2014,"{""type"":""MultiPoint"",""coordinates"":[]}"
"13_29004,11605_0",103.0,2014,"{""type"":""MultiPoint"",""coordinates"":[]}"
"13_29005,11605_0",97.0,2014,"{""type"":""MultiPoint"",""coordinates"":[]}"
"13_29006,11605_0",104.0,2014,"{""type"":""MultiPoint"",""coordinates"":[]}"
"13_29007,11605_0",115.0,2014,"{""type"":""MultiPoint"",""coordinates"":[]}"
"13_29008,11605_0",117.0,2014,"{""type"":""MultiPoint"",""coordinates"":[]}"
"13_29009,11605_0",108.0,2014,"{""type"":""MultiPoint"",""coordinates"":[]}"
"13_29010,11605_0",110.0,2014,"{""type"":""MultiPoint"",""coordinates"":[]}"
"13_29001,11606_0",102.0,2014,"{""type"":""MultiPoint"",""coordinates"":[]}"
"13_29002,11606_0",104.0,2014,"{""type"":""MultiPoint"",""coordinates"":[]}"
"13_29003,11606_0",105.0,2014,"{""type"":""MultiPoint"",""coordinates"":[]}"
"13_29004,11606_0",113.0,2014,"{""type"":""MultiPoint"",""coordinates"":[]}"
"13_29005,11606_0",98.0,2014,"{""type"":""MultiPoint"",""coordinates"":[]}"
"13_29006,11606_0",104.0,2014,"{""type"":""MultiPoint"",""coordinates"":[]}"
"13_29007,11606_0",105.0,2014,"{""type"":""MultiPoint"",""coordinates"":[]}"
"13_29008,11606_0",107.0,2014,"{""type"":""MultiPoint"",""coordinates"":[]}"
"13_29009,11606_0",112.0,2014,"{""type"":""MultiPoint"",""coordinates"":[]}"
"13_29010,11606_0",110.0,2014,"{""type"":""MultiPoint"",""coordinates"":[]}"
"13_29001,11607_0",108.0,2014,"{""type"":""MultiPoint"",""coordinates"":[]}"
"13_29002,11607_0",111.0,2014,"{""type"":""MultiPoint"",""coordinates"":[]}"
"13_29003,11607_0",107.0,2014,"{""type"":""MultiPoint"",""coordinates"":[]}"
"13_29004,11607_0",112.0,2014,"{""type"":""MultiPoint"",""coordinates"":[]}"
"13_29005,11607_0",111.0,2014,"{""type"":""MultiPoint"",""coordinates"":[]}"
"13_29006,11607_0",104.0,2014,"{""type"":""MultiPoint"",""coordinates"":[]}"
"13_29007,11607_0",103.0,2014,"{""type"":""MultiPoint"",""coordinates"":[]}"
"13_29008,11607_0",89.0,2014,"{""type"":""MultiPoint"",""coordinates"":[]}"
"13_29009,11607_0",100.0,2014,"{""type"":""MultiPoint"",""coordinates"":[]}"
"13_29010,11607_0",110.0,2014,"{""type"":""MultiPoint"",""coordinates"":[]}"
"13_29001,11608_0",114.0,2014,"{""type"":""MultiPoint"",""coordinates"":[]}"
"13_29002,11608_0",109.0,2014,"{""type"":""MultiPoint"",""coordinates"":[]}"
"13_29003,11608_0",118.0,2014,"{""type"":""MultiPoint"",""coordinates"":[]}"
"13_29004,11608_0",106.0,2014,"{""type"":""MultiPoint"",""coordinates"":[]}"
"13_29005,11608_0",102.0,2014,"{""type"":""MultiPoint"",""coordinates"":[]}"
"13_29006,11608_0",106.0,2014,"{""type"":""MultiPoint"",""coordinates"":[]}"
"13_29007,11608_0",98.0,2014,"{""type"":""MultiPoint"",""coordinates"":[]}"
"13_29008,11608_0",103.0,2014,"{""type"":""MultiPoint"",""coordinates"":[]}"
"13_29009,11608_0",116.0,2014,"{""type"":""MultiPoint"",""coordinates"":[]}"
"13_29010,11608_0",115.0,2014,"{""type"":""MultiPoint"",""coordinates"":[]}"
"13_29001,11609_0",114.0,2014,"{""type"":""MultiPoint"",""coordinates"":[]}"
"13_29002,11609_0",115.0,2014,"{""type"":""MultiPoint"",""coordinates"":[]}"
"13_29003,11609_0",107.0,2014,"{""type"":""MultiPoint"",""coordinates"":[]}"
"13_29004,11609_0",112.0,2014,"{""type"":""MultiPoint"",""coordinates"":[]}"
"13_29005,11609_0",110.0,2014,"{""type"":""MultiPoint"",""coordinates"":[]}"
"13_29006,11609_0",112.0,2014,"{""type"":""MultiPoint"",""coordinates"":[]}"
"13_29007,11609_0",109.0,2014,"{""type"":""MultiPoint"",""coordinates"":[]}"
"13_29008,11609_0",115.0,2014,"{""type"":""MultiPoint"",""coordinates"":[]}"
"13_29009,11609_0",110.0,2014,"{""type"":""MultiPoint"",""coordinates"":[]}"
"13_29010,11609_0",99.0,2014,"{""type"":""MultiPoint"",""coordinates"":[]}"
"13_29001,11610_0",114.0,2014,"{""type"":""MultiPoint"",""coordinates"":[]}"
"13_29002,11610_0",115.0,2014,"{""type"":""MultiPoint"",""coordinates"":[]}"
"13_29003,11610_0",114.0,2014,"{""type"":""MultiPoint"",""coordinates"":[]}"
"13_29004,11610_0",114.0,2014,"{""type"":""MultiPoint"",""coordinates"":[]}"
"13_29005,11610_0",113.0,2014,"{""type"":""MultiPoint"",""coordinates"":[]}"
"13_29006,11610_0",107.0,2014,"{""type"":""MultiPoint"",""coordinates"":[]}"
"13_29007,11610_0",116.0,2014,"{""type"":""MultiPoint"",""coordinates"":[]}"
"13_29008,11610_0",104.0,2014,"{""type"":""MultiPoint"",""coordinates"":[]}"
"13_29009,11610_0",104.0,2014,"{""type"":""MultiPoint"",""coordinates"":[]}"
"13_29010,11610_0",104.0,2014,"{""type"":""MultiPoint"",""coordinates"":[]}"
"13_29001,11611_0",110.0,2014,"{""type"":""MultiPoint"",""coordinates"":[]}"
"13_29002,11611_0",116.0,2014,"{""type"":""MultiPoint"",""coordinates"":[]}"
"13_29003,11611_0",115.0,2014,"{""type"":""MultiPoint"",""coordinates"":[]}"
"13_29004,11611_0",113.0,2014,"{""type"":""MultiPoint"",""coordinates"":[]}"
"13_29005,11611_0",109.0,2014,"{""type"":""MultiPoint"",""coordinates"":[]}"
"13_29006,11611_0",112.0,2014,"{""type"":""MultiPoint"",""coordinates"":[]}"
"13_29007,11611_0",110.0,2014,"{""type"":""MultiPoint"",""coordinates"":[]}"
"13_29008,11611_0",98.0,2014,"{""type"":""MultiPoint"",""coordinates"":[]}"
"13_29009,11611_0",112.0,2014,"{""type"":""MultiPoint"",""coordinates"":[]}"
"13_29010,11611_0",115.0,2014,"{""type"":""MultiPoint"",""coordinates"":[]}"
"13_29001,11612_0",103.0,2014,"{""type"":""MultiPoint"",""coordinates"":[]}"
"13_29002,11612_0",98.0,2014,"{""type"":""MultiPoint"",""coordinates"":[]}"
"13_29003,11612_0",106.0,2014,"{""type"":""MultiPoint"",""coordinates"":[]}"
"13_29004,11612_0",108.0,2014,"{""type"":""MultiPoint"",""coordinates"":[]}"
"13_29005,11612_0",110.0,2014,"{""type"":""MultiPoint"",""coordinates"":[]}"
"13_29006,11612_0",113.0,2014,"{""type"":""MultiPoint"",""coordinates"":[]}"
"13_29007,11612_0",108.0,2014,"{""type"":""MultiPoint"",""coordinates"":[]}"
"13_29008,11612_0",117.0,2014,"{""type"":""MultiPoint"",""coordinates"":[]}"
"13_29009,11612_0",119.0,2014,"{""type"":""MultiPoint"",""coordinates"":[]}"
"13_29010,11612_0",117.0,2014,"{""type"":""MultiPoint"",""coordinates"":[]}"
"13_29001,11613_0",108.0,2014,"{""type"":""MultiPoint"",""coordinates"":[]}"
"13_29002,11613_0",108.0,2014,"{""type"":""MultiPoint"",""coordinates"":[]}"
"13_29003,11613_0",113.0,2014,"{""type"":""MultiPoint"",""coordinates"":[]}"
"13_29004,11613_0",109.0,2014,"{""type"":""MultiPoint"",""coordinates"":[]}"
"13_29005,11613_0",114.0,2014,"{""type"":""MultiPoint"",""coordinates"":[]}"
"13_29006,11613_0",116.0,2014,"{""type"":""MultiPoint"",""coordinates"":[]}"
"13_29007,11613_0",120.0,2014,"{""type"":""MultiPoint"",""coordinates"":[]}"
"13_29008,11613_0",121.0,2014,"{""type"":""MultiPoint"",""coordinates"":[]}"
"13_29009,11613_0",116.0,2014,"{""type"":""MultiPoint"",""coordinates"":[]}"
"13_29010,11613_0",116.0,2014,"{""type"":""MultiPoint"",""coordinates"":[]}"
"14_29001,11604_0",102.0,2015,"{""type"":""MultiPoint"",""coordinates"":[]}"
"14_29002,11604_0",104.0,2015,"{""type"":""MultiPoint"",""coordinates"":[]}"
"14_29003,11604_0",107.0,2015,"{""type"":""MultiPoint"",""coordinates"":[]}"
"14_29004,11604_0",108.0,2015,"{""type"":""MultiPoint"",""coordinates"":[]}"
"14_29005,11604_0",109.0,2015,"{""type"":""MultiPoint"",""coordinates"":[]}"
"14_29006,11604_0",108.0,2015,"{""type"":""MultiPoint"",""coordinates"":[]}"
"14_29007,11604_0",109.0,2015,"{""type"":""MultiPoint"",""coordinates"":[]}"
"14_29008,11604_0",108.0,2015,"{""type"":""MultiPoint"",""coordinates"":[]}"
"14_29009,11604_0",106.0,2015,"{""type"":""MultiPoint"",""coordinates"":[]}"
"14_29010,11604_0",105.0,2015,"{""type"":""MultiPoint"",""coordinates"":[]}"
"14_29001,11605_0",111.0,2015,"{""type"":""MultiPoint"",""coordinates"":[]}"
"14_29002,11605_0",110.0,2015,"{""type"":""MultiPoint"",""coordinates"":[]}"
"14_29003,11605_0",110.0,2015,"{""type"":""MultiPoint"",""coordinates"":[]}"
"14_29004,11605_0",110.0,2015,"{""type"":""MultiPoint"",""coordinates"":[]}"
"14_29005,11605_0",106.0,2015,"{""type"":""MultiPoint"",""coordinates"":[]}"
"14_29006,11605_0",109.0,2015,"{""type"":""MultiPoint"",""coordinates"":[]}"
"14_29007,11605_0",105.0,2015,"{""type"":""MultiPoint"",""coordinates"":[]}"
"14_29008,11605_0",102.0,2015,"{""type"":""MultiPoint"",""coordinates"":[]}"
"14_29009,11605_0",106.0,2015,"{""type"":""MultiPoint"",""coordinates"":[]}"
"14_29010,11605_0",94.0,2015,"{""type"":""MultiPoint"",""coordinates"":[]}"
"14_29001,11606_0",110.0,2015,"{""type"":""MultiPoint"",""coordinates"":[]}"
"14_29002,11606_0",110.0,2015,"{""type"":""MultiPoint"",""coordinates"":[]}"
"14_29003,11606_0",111.0,2015,"{""type"":""MultiPoint"",""coordinates"":[]}"
"14_29004,11606_0",106.0,2015,"{""type"":""MultiPoint"",""coordinates"":[]}"
"14_29005,11606_0",106.0,2015,"{""type"":""MultiPoint"",""coordinates"":[]}"
"14_29006,11606_0",105.0,2015,"{""type"":""MultiPoint"",""coordinates"":[]}"
"14_29007,11606_0",101.0,2015,"{""type"":""MultiPoint"",""coordinates"":[]}"
"14_29008,11606_0",108.0,2015,"{""type"":""MultiPoint"",""coordinates"":[]}"
"14_29009,11606_0",93.0,2015,"{""type"":""MultiPoint"",""coordinates"":[]}"
"14_29010,11606_0",104.0,2015,"{""type"":""MultiPoint"",""coordinates"":[]}"
"14_29001,11607_0",105.0,2015,"{""type"":""MultiPoint"",""coordinates"":[]}"
"14_29002,11607_0",105.0,2015,"{""type"":""MultiPoint"",""coordinates"":[]}"
"14_29003,11607_0",106.0,2015,"{""type"":""MultiPoint"",""coordinates"":[]}"
"14_29004,11607_0",105.0,2015,"{""type"":""MultiPoint"",""coordinates"":[]}"
"14_29005,11607_0",107.0,2015,"{""type"":""MultiPoint"",""coordinates"":[]}"
"14_29006,11607_0",108.0,2015,"{""type"":""MultiPoint"",""coordinates"":[]}"
"14_29007,11607_0",104.0,2015,"{""type"":""MultiPoint"",""coordinates"":[]}"
"14_29008,11607_0",89.0,2015,"{""type"":""MultiPoint"",""coordinates"":[]}"
"14_29009,11607_0",103.0,2015,"{""type"":""MultiPoint"",""coordinates"":[]}"
"14_29010,11607_0",98.0,2015,"{""type"":""MultiPoint"",""coordinates"":[]}"
"14_29001,11608_0",105.0,2015,"{""type"":""MultiPoint"",""coordinates"":[]}"
"14_29002,11608_0",104.0,2015,"{""type"":""MultiPoint"",""coordinates"":[]}"
"14_29003,11608_0",104.0,2015,"{""type"":""MultiPoint"",""coordinates"":[]}"
"14_29004,11608_0",103.0,2015,"{""type"":""MultiPoint"",""coordinates"":[]}"
"14_29005,11608_0",107.0,2015,"{""type"":""MultiPoint"",""coordinates"":[]}"
"14_29006,11608_0",107.0,2015,"{""type"":""MultiPoint"",""coordinates"":[]}"
"14_29007,11608_0",105.0,2015,"{""type"":""MultiPoint"",""coordinates"":[]}"
"14_29008,11608_0",109.0,2015,"{""type"":""MultiPoint"",""coordinates"":[]}"
"14_29009,11608_0",103.0,2015,"{""type"":""MultiPoint"",""coordinates"":[]}"
"14_29010,11608_0",101.0,2015,"{""type"":""MultiPoint"",""coordinates"":[]}"
"14_29001,11609_0",105.0,2015,"{""type"":""MultiPoint"",""coordinates"":[]}"
"14_29002,11609_0",102.0,2015,"{""type"":""MultiPoint"",""coordinates"":[]}"
"14_29003,11609_0",106.0,2015,"{""type"":""MultiPoint"",""coordinates"":[]}"
"14_29004,11609_0",106.0,2015,"{""type"":""MultiPoint"",""coordinates"":[]}"
"14_29005,11609_0",108.0,2015,"{""type"":""MultiPoint"",""coordinates"":[]}"
"14_29006,11609_0",107.0,2015,"{""type"":""MultiPoint"",""coordinates"":[]}"
"14_29007,11609_0",109.0,2015,"{""type"":""MultiPoint"",""coordinates"":[]}"
"14_29008,11609_0",110.0,2015,"{""type"":""MultiPoint"",""coordinates"":[]}"
"14_29009,11609_0",110.0,2015,"{""type"":""MultiPoint"",""coordinates"":[]}"
"14_29010,11609_0",99.0,2015,"{""type"":""MultiPoint"",""coordinates"":[]}"
"14_29001,11610_0",105.0,2015,"{""type"":""MultiPoint"",""coordinates"":[]}"
"14_29002,11610_0",108.0,2015,"{""type"":""MultiPoint"",""coordinates"":[]}"
"14_29003,11610_0",111.0,2015,"{""type"":""MultiPoint"",""coordinates"":[]}"
"14_29004,11610_0",110.0,2015,"{""type"":""MultiPoint"",""coordinates"":[]}"
"14_29005,11610_0",110.0,2015,"{""type"":""MultiPoint"",""coordinates"":[]}"
"14_29006,11610_0",108.0,2015,"{""type"":""MultiPoint"",""coordinates"":[]}"
"14_29007,11610_0",105.0,2015,"{""type"":""MultiPoint"",""coordinates"":[]}"
"14_29008,11610_0",106.0,2015,"{""type"":""MultiPoint"",""coordinates"":[]}"
"14_29009,11610_0",99.0,2015,"{""type"":""MultiPoint"",""coordinates"":[]}"
"14_29010,11610_0",100.0,2015,"{""type"":""MultiPoint"",""coordinates"":[]}"
"14_29001,11611_0",108.0,2015,"{""type"":""MultiPoint"",""coordinates"":[]}"
"14_29002,11611_0",111.0,2015,"{""type"":""MultiPoint"",""coordinates"":[]}"
"14_29003,11611_0",102.0,2015,"{""type"":""MultiPoint"",""coordinates"":[]}"
"14_29004,11611_0",108.0,2015,"{""type"":""MultiPoint"",""coordinates"":[]}"
"14_29005,11611_0",111.0,2015,"{""type"":""MultiPoint"",""coordinates"":[]}"
"14_29006,11611_0",106.0,2015,"{""type"":""MultiPoint"",""coordinates"":[]}"
"14_29007,11611_0",109.0,2015,"{""type"":""MultiPoint"",""coordinates"":[]}"
"14_29008,11611_0",107.0,2015,"{""type"":""MultiPoint"",""coordinates"":[]}"
"14_29009,11611_0",102.0,2015,"{""type"":""MultiPoint"",""coordinates"":[]}"
"14_29010,11611_0",103.0,2015,"{""type"":""MultiPoint"",""coordinates"":[]}"
"14_29001,11612_0",103.0,2015,"{""type"":""MultiPoint"",""coordinates"":[]}"
"14_29002,11612_0",102.0,2015,"{""type"":""MultiPoint"",""coordinates"":[]}"
"14_29003,11612_0",103.0,2015,"{""type"":""MultiPoint"",""coordinates"":[]}"
"14_29004,11612_0",106.0,2015,"{""type"":""MultiPoint"",""coordinates"":[]}"
"14_29005,11612_0",107.0,2015,"{""type"":""MultiPoint"",""coordinates"":[]}"
"14_29006,11612_0",110.0,2015,"{""type"":""MultiPoint"",""coordinates"":[]}"
"14_29007,11612_0",101.0,2015,"{""type"":""MultiPoint"",""coordinates"":[]}"
"14_29008,11612_0",101.0,2015,"{""type"":""MultiPoint"",""coordinates"":[]}"
"14_29009,11612_0",105.0,2015,"{""type"":""MultiPoint"",""coordinates"":[]}"
"14_29010,11612_0",103.0,2015,"{""type"":""MultiPoint"",""coordinates"":[]}"
"14_29001,11613_0",103.0,2015,"{""type"":""MultiPoint"",""coordinates"":[]}"
"14_29002,11613_0",104.0,2015,"{""type"":""MultiPoint"",""coordinates"":[]}"
"14_29003,11613_0",108.0,2015,"{""type"":""MultiPoint"",""coordinates"":[]}"
"14_29004,11613_0",108.0,2015,"{""type"":""MultiPoint"",""coordinates"":[]}"
"14_29005,11613_0",106.0,2015,"{""type"":""MultiPoint"",""coordinates"":[]}"
"14_29006,11613_0",103.0,2015,"{""type"":""MultiPoint"",""coordinates"":[]}"
"14_29007,11613_0",108.0,2015,"{""type"":""MultiPoint"",""coordinates"":[]}"
"14_29008,11613_0",105.0,2015,"{""type"":""MultiPoint"",""coordinates"":[]}"
"14_29009,11613_0",106.0,2015,"{""type"":""MultiPoint"",""coordinates"":[]}"
"14_29010,11613_0",100.0,2015,"{""type"":""MultiPoint"",""coordinates"":[]}"
"15_29001,11604_0",114.0,2016,"{""type"":""MultiPoint"",""coordinates"":[]}"
"15_29002,11604_0",113.0,2016,"{""type"":""MultiPoint"",""coordinates"":[]}"
"15_29003,11604_0",113.0,2016,"{""type"":""MultiPoint"",""coordinates"":[]}"
"15_29004,11604_0",115.0,2016,"{""type"":""MultiPoint"",""coordinates"":[]}"
"15_29005,11604_0",112.0,2016,"{""type"":""MultiPoint"",""coordinates"":[]}"
"15_29006,11604_0",113.0,2016,"{""type"":""MultiPoint"",""coordinates"":[]}"
"15_29007,11604_0",111.0,2016,"{""type"":""MultiPoint"",""coordinates"":[]}"
"15_29008,11604_0",110.0,2016,"{""type"":""MultiPoint"",""coordinates"":[]}"
"15_29009,11604_0",110.0,2016,"{""type"":""MultiPoint"",""coordinates"":[]}"
"15_29010,11604_0",114.0,2016,"{""type"":""MultiPoint"",""coordinates"":[]}"
"15_29001,11605_0",116.0,2016,"{""type"":""MultiPoint"",""coordinates"":[]}"
"15_29002,11605_0",115.0,2016,"{""type"":""MultiPoint"",""coordinates"":[]}"
"15_29003,11605_0",112.0,2016,"{""type"":""MultiPoint"",""coordinates"":[]}"
"15_29004,11605_0",111.0,2016,"{""type"":""MultiPoint"",""coordinates"":[]}"
"15_29005,11605_0",114.0,2016,"{""type"":""MultiPoint"",""coordinates"":[]}"
"15_29006,11605_0",111.0,2016,"{""type"":""MultiPoint"",""coordinates"":[]}"
"15_29007,11605_0",111.0,2016,"{""type"":""MultiPoint"",""coordinates"":[]}"
"15_29008,11605_0",110.0,2016,"{""type"":""MultiPoint"",""coordinates"":[]}"
"15_29009,11605_0",112.0,2016,"{""type"":""MultiPoint"",""coordinates"":[]}"
"15_29010,11605_0",111.0,2016,"{""type"":""MultiPoint"",""coordinates"":[]}"
"15_29001,11606_0",117.0,2016,"{""type"":""MultiPoint"",""coordinates"":[]}"
"15_29002,11606_0",112.0,2016,"{""type"":""MultiPoint"",""coordinates"":[]}"
"15_29003,11606_0",110.0,2016,"{""type"":""MultiPoint"",""coordinates"":[]}"
"15_29004,11606_0",110.0,2016,"{""type"":""MultiPoint"",""coordinates"":[]}"
"15_29005,11606_0",110.0,2016,"{""type"":""MultiPoint"",""coordinates"":[]}"
"15_29006,11606_0",109.0,2016,"{""type"":""MultiPoint"",""coordinates"":[]}"
"15_29007,11606_0",107.0,2016,"{""type"":""MultiPoint"",""coordinates"":[]}"
"15_29008,11606_0",110.0,2016,"{""type"":""MultiPoint"",""coordinates"":[]}"
"15_29009,11606_0",112.0,2016,"{""type"":""MultiPoint"",""coordinates"":[]}"
"15_29010,11606_0",110.0,2016,"{""type"":""MultiPoint"",""coordinates"":[]}"
"15_29001,11607_0",112.0,2016,"{""type"":""MultiPoint"",""coordinates"":[]}"
"15_29002,11607_0",110.0,2016,"{""type"":""MultiPoint"",""coordinates"":[]}"
"15_29003,11607_0",111.0,2016,"{""type"":""MultiPoint"",""coordinates"":[]}"
"15_29004,11607_0",113.0,2016,"{""type"":""MultiPoint"",""coordinates"":[]}"
"15_29005,11607_0",112.0,2016,"{""type"":""MultiPoint"",""coordinates"":[]}"
"15_29006,11607_0",107.0,2016,"{""type"":""MultiPoint"",""coordinates"":[]}"
"15_29007,11607_0",109.0,2016,"{""type"":""MultiPoint"",""coordinates"":[]}"
"15_29008,11607_0",111.0,2016,"{""type"":""MultiPoint"",""coordinates"":[]}"
"15_29009,11607_0",110.0,2016,"{""type"":""MultiPoint"",""coordinates"":[]}"
"15_29010,11607_0",115.0,2016,"{""type"":""MultiPoint"",""coordinates"":[]}"
"15_29001,11608_0",112.0,2016,"{""type"":""MultiPoint"",""coordinates"":[]}"
"15_29002,11608_0",109.0,2016,"{""type"":""MultiPoint"",""coordinates"":[]}"
"15_29003,11608_0",111.0,2016,"{""type"":""MultiPoint"",""coordinates"":[]}"
"15_29004,11608_0",112.0,2016,"{""type"":""MultiPoint"",""coordinates"":[]}"
"15_29005,11608_0",111.0,2016,"{""type"":""MultiPoint"",""coordinates"":[]}"
"15_29006,11608_0",110.0,2016,"{""type"":""MultiPoint"",""coordinates"":[]}"
"15_29007,11608_0",111.0,2016,"{""type"":""MultiPoint"",""coordinates"":[]}"
"15_29008,11608_0",110.0,2016,"{""type"":""MultiPoint"",""coordinates"":[]}"
"15_29009,11608_0",117.0,2016,"{""type"":""MultiPoint"",""coordinates"":[]}"
"15_29010,11608_0",110.0,2016,"{""type"":""MultiPoint"",""coordinates"":[]}"
"15_29001,11609_0",111.0,2016,"{""type"":""MultiPoint"",""coordinates"":[]}"
"15_29002,11609_0",110.0,2016,"{""type"":""MultiPoint"",""coordinates"":[]}"
"15_29003,11609_0",112.0,2016,"{""type"":""MultiPoint"",""coordinates"":[]}"
"15_29004,11609_0",109.0,2016,"{""type"":""MultiPoint"",""coordinates"":[]}"
"15_29005,11609_0",110.0,2016,"{""type"":""MultiPoint"",""coordinates"":[]}"
"15_29006,11609_0",110.0,2016,"{""type"":""MultiPoint"",""coordinates"":[]}"
"15_29007,11609_0",109.0,2016,"{""type"":""MultiPoint"",""coordinates"":[]}"
"15_29008,11609_0",114.0,2016,"{""type"":""MultiPoint"",""coordinates"":[]}"
"15_29009,11609_0",107.0,2016,"{""type"":""MultiPoint"",""coordinates"":[]}"
"15_29010,11609_0",113.0,2016,"{""type"":""MultiPoint"",""coordinates"":[]}"
"15_29001,11610_0",114.0,2016,"{""type"":""MultiPoint"",""coordinates"":[]}"
"15_29002,11610_0",113.0,2016,"{""type"":""MultiPoint"",""coordinates"":[]}"
"15_29003,11610_0",114.0,2016,"{""type"":""MultiPoint"",""coordinates"":[]}"
"15_29004,11610_0",111.0,2016,"{""type"":""MultiPoint"",""coordinates"":[]}"
"15_29005,11610_0",113.0,2016,"{""type"":""MultiPoint"",""coordinates"":[]}"
"15_29006,11610_0",111.0,2016,"{""type"":""MultiPoint"",""coordinates"":[]}"
"15_29007,11610_0",109.0,2016,"{""type"":""MultiPoint"",""coordinates"":[]}"
"15_29008,11610_0",99.0,2016,"{""type"":""MultiPoint"",""coordinates"":[]}"
"15_29009,11610_0",110.0,2016,"{""type"":""MultiPoint"",""coordinates"":[]}"
"15_29010,11610_0",109.0,2016,"{""type"":""MultiPoint"",""coordinates"":[]}"
"15_29001,11611_0",112.0,2016,"{""type"":""MultiPoint"",""coordinates"":[]}"
"15_29002,11611_0",115.0,2016,"{""type"":""MultiPoint"",""coordinates"":[]}"
"15_29003,11611_0",114.0,2016,"{""type"":""MultiPoint"",""coordinates"":[]}"
"15_29004,11611_0",114.0,2016,"{""type"":""MultiPoint"",""coordinates"":[]}"
"15_29005,11611_0",115.0,2016,"{""type"":""MultiPoint"",""coordinates"":[]}"
"15_29006,11611_0",107.0,2016,"{""type"":""MultiPoint"",""coordinates"":[]}"
"15_29007,11611_0",112.0,2016,"{""type"":""MultiPoint"",""coordinates"":[]}"
"15_29008,11611_0",106.0,2016,"{""type"":""MultiPoint"",""coordinates"":[]}"
"15_29009,11611_0",110.0,2016,"{""type"":""MultiPoint"",""coordinates"":[]}"
"15_29010,11611_0",112.0,2016,"{""type"":""MultiPoint"",""coordinates"":[]}"
"15_29001,11612_0",96.0,2016,"{""type"":""MultiPoint"",""coordinates"":[]}"
"15_29002,11612_0",99.0,2016,"{""type"":""MultiPoint"",""coordinates"":[]}"
"15_29003,11612_0",106.0,2016,"{""type"":""MultiPoint"",""coordinates"":[]}"
"15_29004,11612_0",109.0,2016,"{""type"":""MultiPoint"",""coordinates"":[]}"
"15_29005,11612_0",113.0,2016,"{""type"":""MultiPoint"",""coordinates"":[]}"
"15_29006,11612_0",110.0,2016,"{""type"":""MultiPoint"",""coordinates"":[]}"
"15_29007,11612_0",117.0,2016,"{""type"":""MultiPoint"",""coordinates"":[]}"
"15_29008,11612_0",113.0,2016,"{""type"":""MultiPoint"",""coordinates"":[]}"
"15_29009,11612_0",118.0,2016,"{""type"":""MultiPoint"",""coordinates"":[]}"
"15_29010,11612_0",116.0,2016,"{""type"":""MultiPoint"",""coordinates"":[]}"
"15_29001,11613_0",98.0,2016,"{""type"":""MultiPoint"",""coordinates"":[]}"
"15_29002,11613_0",108.0,2016,"{""type"":""MultiPoint"",""coordinates"":[]}"
"15_29003,11613_0",115.0,2016,"{""type"":""MultiPoint"",""coordinates"":[]}"
"15_29004,11613_0",110.0,2016,"{""type"":""MultiPoint"",""coordinates"":[]}"
"15_29005,11613_0",117.0,2016,"{""type"":""MultiPoint"",""coordinates"":[]}"
"15_29006,11613_0",117.0,2016,"{""type"":""MultiPoint"",""coordinates"":[]}"
"15_29007,11613_0",118.0,2016,"{""type"":""MultiPoint"",""coordinates"":[]}"
"15_29008,11613_0",117.0,2016,"{""type"":""MultiPoint"",""coordinates"":[]}"
"15_29009,11613_0",118.0,2016,"{""type"":""MultiPoint"",""coordinates"":[]}"
"15_29010,11613_0",114.0,2016,"{""type"":""MultiPoint"",""coordinates"":[]}"
"16_29001,11604_0",105.0,2017,"{""type"":""MultiPoint"",""coordinates"":[]}"
"16_29002,11604_0",110.0,2017,"{""type"":""MultiPoint"",""coordinates"":[]}"
"16_29003,11604_0",107.0,2017,"{""type"":""MultiPoint"",""coordinates"":[]}"
"16_29004,11604_0",109.0,2017,"{""type"":""MultiPoint"",""coordinates"":[]}"
"16_29005,11604_0",109.0,2017,"{""type"":""MultiPoint"",""coordinates"":[]}"
"16_29006,11604_0",116.0,2017,"{""type"":""MultiPoint"",""coordinates"":[]}"
"16_29007,11604_0",115.0,2017,"{""type"":""MultiPoint"",""coordinates"":[]}"
"16_29008,11604_0",112.0,2017,"{""type"":""MultiPoint"",""coordinates"":[]}"
"16_29009,11604_0",111.0,2017,"{""type"":""MultiPoint"",""coordinates"":[]}"
"16_29010,11604_0",110.0,2017,"{""type"":""MultiPoint"",""coordinates"":[]}"
"16_29001,11605_0",108.0,2017,"{""type"":""MultiPoint"",""coordinates"":[]}"
"16_29002,11605_0",107.0,2017,"{""type"":""MultiPoint"",""coordinates"":[]}"
"16_29003,11605_0",107.0,2017,"{""type"":""MultiPoint"",""coordinates"":[]}"
"16_29004,11605_0",102.0,2017,"{""type"":""MultiPoint"",""coordinates"":[]}"
"16_29005,11605_0",104.0,2017,"{""type"":""MultiPoint"",""coordinates"":[]}"
"16_29006,11605_0",110.0,2017,"{""type"":""MultiPoint"",""coordinates"":[]}"
"16_29007,11605_0",108.0,2017,"{""type"":""MultiPoint"",""coordinates"":[]}"
"16_29008,11605_0",104.0,2017,"{""type"":""MultiPoint"",""coordinates"":[]}"
"16_29009,11605_0",97.0,2017,"{""type"":""MultiPoint"",""coordinates"":[]}"
"16_29010,11605_0",106.0,2017,"{""type"":""MultiPoint"",""coordinates"":[]}"
"16_29001,11606_0",109.0,2017,"{""type"":""MultiPoint"",""coordinates"":[]}"
"16_29002,11606_0",110.0,2017,"{""type"":""MultiPoint"",""coordinates"":[]}"
"16_29003,11606_0",107.0,2017,"{""type"":""MultiPoint"",""coordinates"":[]}"
"16_29004,11606_0",90.0,2017,"{""type"":""MultiPoint"",""coordinates"":[]}"
"16_29005,11606_0",106.0,2017,"{""type"":""MultiPoint"",""coordinates"":[]}"
"16_29006,11606_0",108.0,2017,"{""type"":""MultiPoint"",""coordinates"":[]}"
"16_29007,11606_0",103.0,2017,"{""type"":""MultiPoint"",""coordinates"":[]}"
"16_29008,11606_0",97.0,2017,"{""type"":""MultiPoint"",""coordinates"":[]}"
"16_29009,11606_0",109.0,2017,"{""type"":""MultiPoint"",""coordinates"":[]}"
"16_29010,11606_0",112.0,2017,"{""type"":""MultiPoint"",""coordinates"":[]}"
"16_29001,11607_0",102.0,2017,"{""type"":""MultiPoint"",""coordinates"":[]}"
"16_29002,11607_0",102.0,2017,"{""type"":""MultiPoint"",""coordinates"":[]}"
"16_29003,11607_0",106.0,2017,"{""type"":""MultiPoint"",""coordinates"":[]}"
"16_29004,11607_0",104.0,2017,"{""type"":""MultiPoint"",""coordinates"":[]}"
"16_29005,11607_0",107.0,2017,"{""type"":""MultiPoint"",""coordinates"":[]}"
"16_29006,11607_0",104.0,2017,"{""type"":""MultiPoint"",""coordinates"":[]}"
"16_29007,11607_0",103.0,2017,"{""type"":""MultiPoint"",""coordinates"":[]}"
"16_29008,11607_0",110.0,2017,"{""type"":""MultiPoint"",""coordinates"":[]}"
"16_29009,11607_0",117.0,2017,"{""type"":""MultiPoint"",""coordinates"":[]}"
"16_29010,11607_0",112.0,2017,"{""type"":""MultiPoint"",""coordinates"":[]}"
"16_29001,11608_0",106.0,2017,"{""type"":""MultiPoint"",""coordinates"":[]}"
"16_29002,11608_0",99.0,2017,"{""type"":""MultiPoint"",""coordinates"":[]}"
"16_29003,11608_0",103.0,2017,"{""type"":""MultiPoint"",""coordinates"":[]}"
"16_29004,11608_0",108.0,2017,"{""type"":""MultiPoint"",""coordinates"":[]}"
"16_29005,11608_0",104.0,2017,"{""type"":""MultiPoint"",""coordinates"":[]}"
"16_29006,11608_0",100.0,2017,"{""type"":""MultiPoint"",""coordinates"":[]}"
"16_29007,11608_0",99.0,2017,"{""type"":""MultiPoint"",""coordinates"":[]}"
"16_29008,11608_0",109.0,2017,"{""type"":""MultiPoint"",""coordinates"":[]}"
"16_29009,11608_0",115.0,2017,"{""type"":""MultiPoint"",""coordinates"":[]}"
"16_29010,11608_0",107.0,2017,"{""type"":""MultiPoint"",""coordinates"":[]}"
"16_29001,11609_0",105.0,2017,"{""type"":""MultiPoint"",""coordinates"":[]}"
"16_29002,11609_0",100.0,2017,"{""type"":""MultiPoint"",""coordinates"":[]}"
"16_29003,11609_0",103.0,2017,"{""type"":""MultiPoint"",""coordinates"":[]}"
"16_29004,11609_0",98.0,2017,"{""type"":""MultiPoint"",""coordinates"":[]}"
"16_29005,11609_0",99.0,2017,"{""type"":""MultiPoint"",""coordinates"":[]}"
"16_29006,11609_0",103.0,2017,"{""type"":""MultiPoint"",""coordinates"":[]}"
"16_29007,11609_0",104.0,2017,"{""type"":""MultiPoint"",""coordinates"":[]}"
"16_29008,11609_0",109.0,2017,"{""type"":""MultiPoint"",""coordinates"":[]}"
"16_29009,11609_0",111.0,2017,"{""type"":""MultiPoint"",""coordinates"":[]}"
"16_29010,11609_0",94.0,2017,"{""type"":""MultiPoint"",""coordinates"":[]}"
"16_29001,11610_0",115.0,2017,"{""type"":""MultiPoint"",""coordinates"":[]}"
"16_29002,11610_0",104.0,2017,"{""type"":""MultiPoint"",""coordinates"":[]}"
"16_29003,11610_0",107.0,2017,"{""type"":""MultiPoint"",""coordinates"":[]}"
"16_29004,11610_0",106.0,2017,"{""type"":""MultiPoint"",""coordinates"":[]}"
"16_29005,11610_0",102.0,2017,"{""type"":""MultiPoint"",""coordinates"":[]}"
"16_29006,11610_0",107.0,2017,"{""type"":""MultiPoint"",""coordinates"":[]}"
"16_29007,11610_0",101.0,2017,"{""type"":""MultiPoint"",""coordinates"":[]}"
"16_29008,11610_0",101.0,2017,"{""type"":""MultiPoint"",""coordinates"":[]}"
"16_29009,11610_0",108.0,2017,"{""type"":""MultiPoint"",""coordinates"":[]}"
"16_29010,11610_0",105.0,2017,"{""type"":""MultiPoint"",""coordinates"":[]}"
"16_29001,11611_0",109.0,2017,"{""type"":""MultiPoint"",""coordinates"":[]}"
"16_29002,11611_0",107.0,2017,"{""type"":""MultiPoint"",""coordinates"":[]}"
"16_29003,11611_0",106.0,2017,"{""type"":""MultiPoint"",""coordinates"":[]}"
"16_29004,11611_0",105.0,2017,"{""type"":""MultiPoint"",""coordinates"":[]}"
"16_29005,11611_0",108.0,2017,"{""type"":""MultiPoint"",""coordinates"":[]}"
"16_29006,11611_0",108.0,2017,"{""type"":""MultiPoint"",""coordinates"":[]}"
"16_29007,11611_0",98.0,2017,"{""type"":""MultiPoint"",""coordinates"":[]}"
"16_29008,11611_0",53.0,2017,"{""type"":""MultiPoint"",""coordinates"":[]}"
"16_29009,11611_0",106.0,2017,"{""type"":""MultiPoint"",""coordinates"":[]}"
"16_29010,11611_0",92.0,2017,"{""type"":""MultiPoint"",""coordinates"":[]}"
"16_29001,11612_0",87.0,2017,"{""type"":""MultiPoint"",""coordinates"":[]}"
"16_29002,11612_0",88.0,2017,"{""type"":""MultiPoint"",""coordinates"":[]}"
"16_29003,11612_0",95.0,2017,"{""type"":""MultiPoint"",""coordinates"":[]}"
"16_29004,11612_0",88.0,2017,"{""type"":""MultiPoint"",""coordinates"":[]}"
"16_29005,11612_0",100.0,2017,"{""type"":""MultiPoint"",""coordinates"":[]}"
"16_29006,11612_0",107.0,2017,"{""type"":""MultiPoint"",""coordinates"":[]}"
"16_29007,11612_0",107.0,2017,"{""type"":""MultiPoint"",""coordinates"":[]}"
"16_29008,11612_0",108.0,2017,"{""type"":""MultiPoint"",""coordinates"":[]}"
"16_29009,11612_0",95.0,2017,"{""type"":""MultiPoint"",""coordinates"":[]}"
"16_29010,11612_0",102.0,2017,"{""type"":""MultiPoint"",""coordinates"":[]}"
"16_29001,11613_0",94.0,2017,"{""type"":""MultiPoint"",""coordinates"":[]}"
"16_29002,11613_0",106.0,2017,"{""type"":""MultiPoint"",""coordinates"":[]}"
"16_29003,11613_0",100.0,2017,"{""type"":""MultiPoint"",""coordinates"":[]}"
"16_29004,11613_0",98.0,2017,"{""type"":""MultiPoint"",""coordinates"":[]}"
"16_29005,11613_0",113.0,2017,"{""type"":""MultiPoint"",""coordinates"":[]}"
"16_29006,11613_0",113.0,2017,"{""type"":""MultiPoint"",""coordinates"":[]}"
"16_29007,11613_0",114.0,2017,"{""type"":""MultiPoint"",""coordinates"":[]}"
"16_29008,11613_0",116.0,2017,"{""type"":""MultiPoint"",""coordinates"":[]}"
"16_29009,11613_0",112.0,2017,"{""type"":""MultiPoint"",""coordinates"":[]}"
"16_29010,11613_0",109.0,2017,"{""type"":""MultiPoint"",""coordinates"":[]}"
"17_29001,11604_0",113.0,2018,"{""type"":""MultiPoint"",""coordinates"":[]}"
"17_29002,11604_0",114.0,2018,"{""type"":""MultiPoint"",""coordinates"":[]}"
"17_29003,11604_0",113.0,2018,"{""type"":""MultiPoint"",""coordinates"":[]}"
"17_29004,11604_0",112.0,2018,"{""type"":""MultiPoint"",""coordinates"":[]}"
"17_29005,11604_0",111.0,2018,"{""type"":""MultiPoint"",""coordinates"":[]}"
"17_29006,11604_0",112.0,2018,"{""type"":""MultiPoint"",""coordinates"":[]}"
"17_29007,11604_0",112.0,2018,"{""type"":""MultiPoint"",""coordinates"":[]}"
"17_29008,11604_0",111.0,2018,"{""type"":""MultiPoint"",""coordinates"":[]}"
"17_29009,11604_0",112.0,2018,"{""type"":""MultiPoint"",""coordinates"":[]}"
"17_29010,11604_0",112.0,2018,"{""type"":""MultiPoint"",""coordinates"":[]}"
"17_29001,11605_0",111.0,2018,"{""type"":""MultiPoint"",""coordinates"":[]}"
"17_29002,11605_0",115.0,2018,"{""type"":""MultiPoint"",""coordinates"":[]}"
"17_29003,11605_0",113.0,2018,"{""type"":""MultiPoint"",""coordinates"":[]}"
"17_29004,11605_0",112.0,2018,"{""type"":""MultiPoint"",""coordinates"":[]}"
"17_29005,11605_0",112.0,2018,"{""type"":""MultiPoint"",""coordinates"":[]}"
"17_29006,11605_0",113.0,2018,"{""type"":""MultiPoint"",""coordinates"":[]}"
"17_29007,11605_0",113.0,2018,"{""type"":""MultiPoint"",""coordinates"":[]}"
"17_29008,11605_0",112.0,2018,"{""type"":""MultiPoint"",""coordinates"":[]}"
"17_29009,11605_0",109.0,2018,"{""type"":""MultiPoint"",""coordinates"":[]}"
"17_29010,11605_0",110.0,2018,"{""type"":""MultiPoint"",""coordinates"":[]}"
"17_29001,11606_0",114.0,2018,"{""type"":""MultiPoint"",""coordinates"":[]}"
"17_29002,11606_0",112.0,2018,"{""type"":""MultiPoint"",""coordinates"":[]}"
"17_29003,11606_0",113.0,2018,"{""type"":""MultiPoint"",""coordinates"":[]}"
"17_29004,11606_0",109.0,2018,"{""type"":""MultiPoint"",""coordinates"":[]}"
"17_29005,11606_0",114.0,2018,"{""type"":""MultiPoint"",""coordinates"":[]}"
"17_29006,11606_0",113.0,2018,"{""type"":""MultiPoint"",""coordinates"":[]}"
"17_29007,11606_0",109.0,2018,"{""type"":""MultiPoint"",""coordinates"":[]}"
"17_29008,11606_0",114.0,2018,"{""type"":""MultiPoint"",""coordinates"":[]}"
"17_29009,11606_0",106.0,2018,"{""type"":""MultiPoint"",""coordinates"":[]}"
"17_29010,11606_0",113.0,2018,"{""type"":""MultiPoint"",""coordinates"":[]}"
"17_29001,11607_0",110.0,2018,"{""type"":""MultiPoint"",""coordinates"":[]}"
"17_29002,11607_0",110.0,2018,"{""type"":""MultiPoint"",""coordinates"":[]}"
"17_29003,11607_0",111.0,2018,"{""type"":""MultiPoint"",""coordinates"":[]}"
"17_29004,11607_0",111.0,2018,"{""type"":""MultiPoint"",""coordinates"":[]}"
"17_29005,11607_0",111.0,2018,"{""type"":""MultiPoint"",""coordinates"":[]}"
"17_29006,11607_0",111.0,2018,"{""type"":""MultiPoint"",""coordinates"":[]}"
"17_29007,11607_0",109.0,2018,"{""type"":""MultiPoint"",""coordinates"":[]}"
"17_29008,11607_0",104.0,2018,"{""type"":""MultiPoint"",""coordinates"":[]}"
"17_29009,11607_0",110.0,2018,"{""type"":""MultiPoint"",""coordinates"":[]}"
"17_29010,11607_0",116.0,2018,"{""type"":""MultiPoint"",""coordinates"":[]}"
"17_29001,11608_0",110.0,2018,"{""type"":""MultiPoint"",""coordinates"":[]}"
"17_29002,11608_0",106.0,2018,"{""type"":""MultiPoint"",""coordinates"":[]}"
"17_29003,11608_0",109.0,2018,"{""type"":""MultiPoint"",""coordinates"":[]}"
"17_29004,11608_0",109.0,2018,"{""type"":""MultiPoint"",""coordinates"":[]}"
"17_29005,11608_0",108.0,2018,"{""type"":""MultiPoint"",""coordinates"":[]}"
"17_29006,11608_0",109.0,2018,"{""type"":""MultiPoint"",""coordinates"":[]}"
"17_29007,11608_0",107.0,2018,"{""type"":""MultiPoint"",""coordinates"":[]}"
"17_29008,11608_0",112.0,2018,"{""type"":""MultiPoint"",""coordinates"":[]}"
"17_29009,11608_0",109.0,2018,"{""type"":""MultiPoint"",""coordinates"":[]}"
"17_29010,11608_0",107.0,2018,"{""type"":""MultiPoint"",""coordinates"":[]}"
"17_29001,11609_0",109.0,2018,"{""type"":""MultiPoint"",""coordinates"":[]}"
"17_29002,11609_0",108.0,2018,"{""type"":""MultiPoint"",""coordinates"":[]}"
"17_29003,11609_0",111.0,2018,"{""type"":""MultiPoint"",""coordinates"":[]}"
"17_29004,11609_0",111.0,2018,"{""type"":""MultiPoint"",""coordinates"":[]}"
"17_29005,11609_0",110.0,2018,"{""type"":""MultiPoint"",""coordinates"":[]}"
"17_29006,11609_0",110.0,2018,"{""type"":""MultiPoint"",""coordinates"":[]}"
"17_29007,11609_0",111.0,2018,"{""type"":""MultiPoint"",""coordinates"":[]}"
"17_29008,11609_0",113.0,2018,"{""type"":""MultiPoint"",""coordinates"":[]}"
"17_29009,11609_0",111.0,2018,"{""type"":""MultiPoint"",""coordinates"":[]}"
"17_29010,11609_0",105.0,2018,"{""type"":""MultiPoint"",""coordinates"":[]}"
"17_29001,11610_0",113.0,2018,"{""type"":""MultiPoint"",""coordinates"":[]}"
"17_29002,11610_0",113.0,2018,"{""type"":""MultiPoint"",""coordinates"":[]}"
"17_29003,11610_0",114.0,2018,"{""type"":""MultiPoint"",""coordinates"":[]}"
"17_29004,11610_0",112.0,2018,"{""type"":""MultiPoint"",""coordinates"":[]}"
"17_29005,11610_0",111.0,2018,"{""type"":""MultiPoint"",""coordinates"":[]}"
"17_29006,11610_0",106.0,2018,"{""type"":""MultiPoint"",""coordinates"":[]}"
"17_29007,11610_0",109.0,2018,"{""type"":""MultiPoint"",""coordinates"":[]}"
"17_29008,11610_0",104.0,2018,"{""type"":""MultiPoint"",""coordinates"":[]}"
"17_29009,11610_0",106.0,2018,"{""type"":""MultiPoint"",""coordinates"":[]}"
"17_29010,11610_0",107.0,2018,"{""type"":""MultiPoint"",""coordinates"":[]}"
"17_29001,11611_0",112.0,2018,"{""type"":""MultiPoint"",""coordinates"":[]}"
"17_29002,11611_0",113.0,2018,"{""type"":""MultiPoint"",""coordinates"":[]}"
"17_29003,11611_0",112.0,2018,"{""type"":""MultiPoint"",""coordinates"":[]}"
"17_29004,11611_0",114.0,2018,"{""type"":""MultiPoint"",""coordinates"":[]}"
"17_29005,11611_0",114.0,2018,"{""type"":""MultiPoint"",""coordinates"":[]}"
"17_29006,11611_0",111.0,2018,"{""type"":""MultiPoint"",""coordinates"":[]}"
"17_29007,11611_0",112.0,2018,"{""type"":""MultiPoint"",""coordinates"":[]}"
"17_29008,11611_0",110.0,2018,"{""type"":""MultiPoint"",""coordinates"":[]}"
"17_29009,11611_0",114.0,2018,"{""type"":""MultiPoint"",""coordinates"":[]}"
"17_29010,11611_0",111.0,2018,"{""type"":""MultiPoint"",""coordinates"":[]}"
"17_29001,11612_0",101.0,2018,"{""type"":""MultiPoint"",""coordinates"":[]}"
"17_29002,11612_0",103.0,2018,"{""type"":""MultiPoint"",""coordinates"":[]}"
"17_29003,11612_0",107.0,2018,"{""type"":""MultiPoint"",""coordinates"":[]}"
"17_29004,11612_0",109.0,2018,"{""type"":""MultiPoint"",""coordinates"":[]}"
"17_29005,11612_0",110.0,2018,"{""type"":""MultiPoint"",""coordinates"":[]}"
"17_29006,11612_0",113.0,2018,"{""type"":""MultiPoint"",""coordinates"":[]}"
"17_29007,11612_0",111.0,2018,"{""type"":""MultiPoint"",""coordinates"":[]}"
"17_29008,11612_0",112.0,2018,"{""type"":""MultiPoint"",""coordinates"":[]}"
"17_29009,11612_0",113.0,2018,"{""type"":""MultiPoint"",""coordinates"":[]}"
"17_29010,11612_0",112.0,2018,"{""type"":""MultiPoint"",""coordinates"":[]}"
"17_29001,11613_0",107.0,2018,"{""type"":""MultiPoint"",""coordinates"":[]}"
"17_29002,11613_0",107.0,2018,"{""type"":""MultiPoint"",""coordinates"":[]}"
"17_29003,11613_0",109.0,2018,"{""type"":""MultiPoint"",""coordinates"":[]}"
"17_29004,11613_0",107.0,2018,"{""type"":""MultiPoint"",""coordinates"":[]}"
"17_29005,11613_0",113.0,2018,"{""type"":""MultiPoint"",""coordinates"":[]}"
"17_29006,11613_0",112.0,2018,"{""type"":""MultiPoint"",""coordinates"":[]}"
"17_29007,11613_0",113.0,2018,"{""type"":""MultiPoint"",""coordinates"":[]}"
"17_29008,11613_0",117.0,2018,"{""type"":""MultiPoint"",""coordinates"":[]}"
"17_29009,11613_0",118.0,2018,"{""type"":""MultiPoint"",""coordinates"":[]}"
"17_29010,11613_0",116.0,2018,"{""type"":""MultiPoint"",""coordinates"":[]}"
"18_29001,11604_0",106.0,2019,"{""type"":""MultiPoint"",""coordinates"":[]}"
"18_29002,11604_0",108.0,2019,"{""type"":""MultiPoint"",""coordinates"":[]}"
"18_29003,11604_0",104.0,2019,"{""type"":""MultiPoint"",""coordinates"":[]}"
"18_29004,11604_0",89.0,2019,"{""type"":""MultiPoint"",""coordinates"":[]}"
"18_29005,11604_0",94.0,2019,"{""type"":""MultiPoint"",""coordinates"":[]}"
"18_29006,11604_0",102.0,2019,"{""type"":""MultiPoint"",""coordinates"":[]}"
"18_29007,11604_0",108.0,2019,"{""type"":""MultiPoint"",""coordinates"":[]}"
"18_29008,11604_0",101.0,2019,"{""type"":""MultiPoint"",""coordinates"":[]}"
"18_29009,11604_0",103.0,2019,"{""type"":""MultiPoint"",""coordinates"":[]}"
"18_29010,11604_0",101.0,2019,"{""type"":""MultiPoint"",""coordinates"":[]}"
"18_29001,11605_0",109.0,2019,"{""type"":""MultiPoint"",""coordinates"":[]}"
"18_29002,11605_0",97.0,2019,"{""type"":""MultiPoint"",""coordinates"":[]}"
"18_29003,11605_0",104.0,2019,"{""type"":""MultiPoint"",""coordinates"":[]}"
"18_29004,11605_0",104.0,2019,"{""type"":""MultiPoint"",""coordinates"":[]}"
"18_29005,11605_0",106.0,2019,"{""type"":""MultiPoint"",""coordinates"":[]}"
"18_29006,11605_0",108.0,2019,"{""type"":""MultiPoint"",""coordinates"":[]}"
"18_29007,11605_0",109.0,2019,"{""type"":""MultiPoint"",""coordinates"":[]}"
"18_29008,11605_0",96.0,2019,"{""type"":""MultiPoint"",""coordinates"":[]}"
"18_29009,11605_0",96.0,2019,"{""type"":""MultiPoint"",""coordinates"":[]}"
"18_29010,11605_0",82.0,2019,"{""type"":""MultiPoint"",""coordinates"":[]}"
"18_29001,11606_0",105.0,2019,"{""type"":""MultiPoint"",""coordinates"":[]}"
"18_29002,11606_0",98.0,2019,"{""type"":""MultiPoint"",""coordinates"":[]}"
"18_29003,11606_0",95.0,2019,"{""type"":""MultiPoint"",""coordinates"":[]}"
"18_29004,11606_0",103.0,2019,"{""type"":""MultiPoint"",""coordinates"":[]}"
"18_29005,11606_0",98.0,2019,"{""type"":""MultiPoint"",""coordinates"":[]}"
"18_29006,11606_0",108.0,2019,"{""type"":""MultiPoint"",""coordinates"":[]}"
"18_29007,11606_0",106.0,2019,"{""type"":""MultiPoint"",""coordinates"":[]}"
"18_29008,11606_0",96.0,2019,"{""type"":""MultiPoint"",""coordinates"":[]}"
"18_29009,11606_0",99.0,2019,"{""type"":""MultiPoint"",""coordinates"":[]}"
"18_29010,11606_0",100.0,2019,"{""type"":""MultiPoint"",""coordinates"":[]}"
"18_29001,11607_0",100.0,2019,"{""type"":""MultiPoint"",""coordinates"":[]}"
"18_29002,11607_0",99.0,2019,"{""type"":""MultiPoint"",""coordinates"":[]}"
"18_29003,11607_0",100.0,2019,"{""type"":""MultiPoint"",""coordinates"":[]}"
"18_29004,11607_0",102.0,2019,"{""type"":""MultiPoint"",""coordinates"":[]}"
"18_29005,11607_0",103.0,2019,"{""type"":""MultiPoint"",""coordinates"":[]}"
"18_29006,11607_0",100.0,2019,"{""type"":""MultiPoint"",""coordinates"":[]}"
"18_29007,11607_0",98.0,2019,"{""type"":""MultiPoint"",""coordinates"":[]}"
"18_29008,11607_0",109.0,2019,"{""type"":""MultiPoint"",""coordinates"":[]}"
"18_29009,11607_0",104.0,2019,"{""type"":""MultiPoint"",""coordinates"":[]}"
"18_29010,11607_0",93.0,2019,"{""type"":""MultiPoint"",""coordinates"":[]}"
"18_29001,11608_0",101.0,2019,"{""type"":""MultiPoint"",""coordinates"":[]}"
"18_29002,11608_0",92.0,2019,"{""type"":""MultiPoint"",""coordinates"":[]}"
"18_29003,11608_0",103.0,2019,"{""type"":""MultiPoint"",""coordinates"":[]}"
"18_29004,11608_0",101.0,2019,"{""type"":""MultiPoint"",""coordinates"":[]}"
"18_29005,11608_0",102.0,2019,"{""type"":""MultiPoint"",""coordinates"":[]}"
"18_29006,11608_0",101.0,2019,"{""type"":""MultiPoint"",""coordinates"":[]}"
"18_29007,11608_0",94.0,2019,"{""type"":""MultiPoint"",""coordinates"":[]}"
"18_29008,11608_0",88.0,2019,"{""type"":""MultiPoint"",""coordinates"":[]}"
"18_29009,11608_0",101.0,2019,"{""type"":""MultiPoint"",""coordinates"":[]}"
"18_29010,11608_0",102.0,2019,"{""type"":""MultiPoint"",""coordinates"":[]}"
"18_29001,11609_0",100.0,2019,"{""type"":""MultiPoint"",""coordinates"":[]}"
"18_29002,11609_0",103.0,2019,"{""type"":""MultiPoint"",""coordinates"":[]}"
"18_29003,11609_0",99.0,2019,"{""type"":""MultiPoint"",""coordinates"":[]}"
"18_29004,11609_0",103.0,2019,"{""type"":""MultiPoint"",""coordinates"":[]}"
"18_29005,11609_0",99.0,2019,"{""type"":""MultiPoint"",""coordinates"":[]}"
"18_29006,11609_0",96.0,2019,"{""type"":""MultiPoint"",""coordinates"":[]}"
"18_29007,11609_0",101.0,2019,"{""type"":""MultiPoint"",""coordinates"":[]}"
"18_29008,11609_0",105.0,2019,"{""type"":""MultiPoint"",""coordinates"":[]}"
"18_29009,11609_0",97.0,2019,"{""type"":""MultiPoint"",""coordinates"":[]}"
"18_29010,11609_0",95.0,2019,"{""type"":""MultiPoint"",""coordinates"":[]}"
"18_29001,11610_0",94.0,2019,"{""type"":""MultiPoint"",""coordinates"":[]}"
"18_29002,11610_0",97.0,2019,"{""type"":""MultiPoint"",""coordinates"":[]}"
"18_29003,11610_0",104.0,2019,"{""type"":""MultiPoint"",""coordinates"":[]}"
"18_29004,11610_0",96.0,2019,"{""type"":""MultiPoint"",""coordinates"":[]}"
"18_29005,11610_0",100.0,2019,"{""type"":""MultiPoint"",""coordinates"":[]}"
"18_29006,11610_0",93.0,2019,"{""type"":""MultiPoint"",""coordinates"":[]}"
"18_29007,11610_0",100.0,2019,"{""type"":""MultiPoint"",""coordinates"":[]}"
"18_29008,11610_0",94.0,2019,"{""type"":""MultiPoint"",""coordinates"":[]}"
"18_29009,11610_0",103.0,2019,"{""type"":""MultiPoint"",""coordinates"":[]}"
"18_29010,11610_0",101.0,2019,"{""type"":""MultiPoint"",""coordinates"":[]}"
"18_29001,11611_0",86.0,2019,"{""type"":""MultiPoint"",""coordinates"":[]}"
"18_29002,11611_0",97.0,2019,"{""type"":""MultiPoint"",""coordinates"":[]}"
"18_29003,11611_0",103.0,2019,"{""type"":""MultiPoint"",""coordinates"":[]}"
"18_29004,11611_0",106.0,2019,"{""type"":""MultiPoint"",""coordinates"":[]}"
"18_29005,11611_0",101.0,2019,"{""type"":""MultiPoint"",""coordinates"":[]}"
"18_29006,11611_0",107.0,2019,"{""type"":""MultiPoint"",""coordinates"":[]}"
"18_29007,11611_0",110.0,2019,"{""type"":""MultiPoint"",""coordinates"":[]}"
"18_29008,11611_0",104.0,2019,"{""type"":""MultiPoint"",""coordinates"":[]}"
"18_29009,11611_0",109.0,2019,"{""type"":""MultiPoint"",""coordinates"":[]}"
"18_29010,11611_0",104.0,2019,"{""type"":""MultiPoint"",""coordinates"":[]}"
"18_29001,11612_0",99.0,2019,"{""type"":""MultiPoint"",""coordinates"":[]}"
"18_29002,11612_0",97.0,2019,"{""type"":""MultiPoint"",""coordinates"":[]}"
"18_29003,11612_0",93.0,2019,"{""type"":""MultiPoint"",""coordinates"":[]}"
"18_29004,11612_0",98.0,2019,"{""type"":""MultiPoint"",""coordinates"":[]}"
"18_29005,11612_0",99.0,2019,"{""type"":""MultiPoint"",""coordinates"":[]}"
"18_29006,11612_0",102.0,2019,"{""type"":""MultiPoint"",""coordinates"":[]}"
"18_29007,11612_0",108.0,2019,"{""type"":""MultiPoint"",""coordinates"":[]}"
"18_29008,11612_0",106.0,2019,"{""type"":""MultiPoint"",""coordinates"":[]}"
"18_29009,11612_0",102.0,2019,"{""type"":""MultiPoint"",""coordinates"":[]}"
"18_29010,11612_0",103.0,2019,"{""type"":""MultiPoint"",""coordinates"":[]}"
"18_29001,11613_0",106.0,2019,"{""type"":""MultiPoint"",""coordinates"":[]}"
"18_29002,11613_0",99.0,2019,"{""type"":""MultiPoint"",""coordinates"":[]}"
"18_29003,11613_0",102.0,2019,"{""type"":""MultiPoint"",""coordinates"":[]}"
"18_29004,11613_0",101.0,2019,"{""type"":""MultiPoint"",""coordinates"":[]}"
"18_29005,11613_0",97.0,2019,"{""type"":""MultiPoint"",""coordinates"":[]}"
"18_29006,11613_0",100.0,2019,"{""type"":""MultiPoint"",""coordinates"":[]}"
"18_29007,11613_0",109.0,2019,"{""type"":""MultiPoint"",""coordinates"":[]}"
"18_29008,11613_0",105.0,2019,"{""type"":""MultiPoint"",""coordinates"":[]}"
"18_29009,11613_0",103.0,2019,"{""type"":""MultiPoint"",""coordinates"":[]}"
"18_29010,11613_0",106.0,2019,"{""type"":""MultiPoint"",""coordinates"":[]}"
"19_29001,11604_0",118.0,2020,"{""type"":""MultiPoint"",""coordinates"":[]}"
"19_29002,11604_0",118.0,2020,"{""type"":""MultiPoint"",""coordinates"":[]}"
"19_29003,11604_0",117.0,2020,"{""type"":""MultiPoint"",""coordinates"":[]}"
"19_29004,11604_0",104.0,2020,"{""type"":""MultiPoint"",""coordinates"":[]}"
"19_29005,11604_0",110.0,2020,"{""type"":""MultiPoint"",""coordinates"":[]}"
"19_29006,11604_0",119.0,2020,"{""type"":""MultiPoint"",""coordinates"":[]}"
"19_29007,11604_0",109.0,2020,"{""type"":""MultiPoint"",""coordinates"":[]}"
"19_29008,11604_0",117.0,2020,"{""type"":""MultiPoint"",""coordinates"":[]}"
"19_29009,11604_0",111.0,2020,"{""type"":""MultiPoint"",""coordinates"":[]}"
"19_29010,11604_0",111.0,2020,"{""type"":""MultiPoint"",""coordinates"":[]}"
"19_29001,11605_0",117.0,2020,"{""type"":""MultiPoint"",""coordinates"":[]}"
"19_29002,11605_0",115.0,2020,"{""type"":""MultiPoint"",""coordinates"":[]}"
"19_29003,11605_0",115.0,2020,"{""type"":""MultiPoint"",""coordinates"":[]}"
"19_29004,11605_0",109.0,2020,"{""type"":""MultiPoint"",""coordinates"":[]}"
"19_29005,11605_0",116.0,2020,"{""type"":""MultiPoint"",""coordinates"":[]}"
"19_29006,11605_0",112.0,2020,"{""type"":""MultiPoint"",""coordinates"":[]}"
"19_29007,11605_0",117.0,2020,"{""type"":""MultiPoint"",""coordinates"":[]}"
"19_29008,11605_0",114.0,2020,"{""type"":""MultiPoint"",""coordinates"":[]}"
"19_29009,11605_0",112.0,2020,"{""type"":""MultiPoint"",""coordinates"":[]}"
"19_29010,11605_0",114.0,2020,"{""type"":""MultiPoint"",""coordinates"":[]}"
"19_29001,11606_0",110.0,2020,"{""type"":""MultiPoint"",""coordinates"":[]}"
"19_29002,11606_0",113.0,2020,"{""type"":""MultiPoint"",""coordinates"":[]}"
"19_29003,11606_0",106.0,2020,"{""type"":""MultiPoint"",""coordinates"":[]}"
"19_29004,11606_0",112.0,2020,"{""type"":""MultiPoint"",""coordinates"":[]}"
"19_29005,11606_0",110.0,2020,"{""type"":""MultiPoint"",""coordinates"":[]}"
"19_29006,11606_0",117.0,2020,"{""type"":""MultiPoint"",""coordinates"":[]}"
"19_29007,11606_0",112.0,2020,"{""type"":""MultiPoint"",""coordinates"":[]}"
"19_29008,11606_0",109.0,2020,"{""type"":""MultiPoint"",""coordinates"":[]}"
"19_29009,11606_0",112.0,2020,"{""type"":""MultiPoint"",""coordinates"":[]}"
"19_29010,11606_0",113.0,2020,"{""type"":""MultiPoint"",""coordinates"":[]}"
"19_29001,11607_0",106.0,2020,"{""type"":""MultiPoint"",""coordinates"":[]}"
"19_29002,11607_0",111.0,2020,"{""type"":""MultiPoint"",""coordinates"":[]}"
"19_29003,11607_0",107.0,2020,"{""type"":""MultiPoint"",""coordinates"":[]}"
"19_29004,11607_0",107.0,2020,"{""type"":""MultiPoint"",""coordinates"":[]}"
"19_29005,11607_0",108.0,2020,"{""type"":""MultiPoint"",""coordinates"":[]}"
"19_29006,11607_0",114.0,2020,"{""type"":""MultiPoint"",""coordinates"":[]}"
"19_29007,11607_0",111.0,2020,"{""type"":""MultiPoint"",""coordinates"":[]}"
"19_29008,11607_0",107.0,2020,"{""type"":""MultiPoint"",""coordinates"":[]}"
"19_29009,11607_0",68.0,2020,"{""type"":""MultiPoint"",""coordinates"":[]}"
"19_29010,11607_0",106.0,2020,"{""type"":""MultiPoint"",""coordinates"":[]}"
"19_29001,11608_0",115.0,2020,"{""type"":""MultiPoint"",""coordinates"":[]}"
"19_29002,11608_0",106.0,2020,"{""type"":""MultiPoint"",""coordinates"":[]}"
"19_29003,11608_0",110.0,2020,"{""type"":""MultiPoint"",""coordinates"":[]}"
"19_29004,11608_0",109.0,2020,"{""type"":""MultiPoint"",""coordinates"":[]}"
"19_29005,11608_0",108.0,2020,"{""type"":""MultiPoint"",""coordinates"":[]}"
"19_29006,11608_0",87.0,2020,"{""type"":""MultiPoint"",""coordinates"":[]}"
"19_29007,11608_0",112.0,2020,"{""type"":""MultiPoint"",""coordinates"":[]}"
"19_29008,11608_0",107.0,2020,"{""type"":""MultiPoint"",""coordinates"":[]}"
"19_29009,11608_0",113.0,2020,"{""type"":""MultiPoint"",""coordinates"":[]}"
"19_29010,11608_0",90.0,2020,"{""type"":""MultiPoint"",""coordinates"":[]}"
"19_29001,11609_0",109.0,2020,"{""type"":""MultiPoint"",""coordinates"":[]}"
"19_29002,11609_0",108.0,2020,"{""type"":""MultiPoint"",""coordinates"":[]}"
"19_29003,11609_0",108.0,2020,"{""type"":""MultiPoint"",""coordinates"":[]}"
"19_29004,11609_0",106.0,2020,"{""type"":""MultiPoint"",""coordinates"":[]}"
"19_29005,11609_0",107.0,2020,"{""type"":""MultiPoint"",""coordinates"":[]}"
"19_29006,11609_0",108.0,2020,"{""type"":""MultiPoint"",""coordinates"":[]}"
"19_29007,11609_0",104.0,2020,"{""type"":""MultiPoint"",""coordinates"":[]}"
"19_29008,11609_0",109.0,2020,"{""type"":""MultiPoint"",""coordinates"":[]}"
"19_29009,11609_0",104.0,2020,"{""type"":""MultiPoint"",""coordinates"":[]}"
"19_29010,11609_0",98.0,2020,"{""type"":""MultiPoint"",""coordinates"":[]}"
"19_29001,11610_0",103.0,2020,"{""type"":""MultiPoint"",""coordinates"":[]}"
"19_29002,11610_0",107.0,2020,"{""type"":""MultiPoint"",""coordinates"":[]}"
"19_29003,11610_0",102.0,2020,"{""type"":""MultiPoint"",""coordinates"":[]}"
"19_29004,11610_0",108.0,2020,"{""type"":""MultiPoint"",""coordinates"":[]}"
"19_29005,11610_0",103.0,2020,"{""type"":""MultiPoint"",""coordinates"":[]}"
"19_29006,11610_0",111.0,2020,"{""type"":""MultiPoint"",""coordinates"":[]}"
"19_29007,11610_0",101.0,2020,"{""type"":""MultiPoint"",""coordinates"":[]}"
"19_29008,11610_0",90.0,2020,"{""type"":""MultiPoint"",""coordinates"":[]}"
"19_29009,11610_0",76.0,2020,"{""type"":""MultiPoint"",""coordinates"":[]}"
"19_29010,11610_0",93.0,2020,"{""type"":""MultiPoint"",""coordinates"":[]}"
"19_29001,11611_0",114.0,2020,"{""type"":""MultiPoint"",""coordinates"":[]}"
"19_29002,11611_0",88.0,2020,"{""type"":""MultiPoint"",""coordinates"":[]}"
"19_29003,11611_0",89.0,2020,"{""type"":""MultiPoint"",""coordinates"":[]}"
"19_29004,11611_0",106.0,2020,"{""type"":""MultiPoint"",""coordinates"":[]}"
"19_29005,11611_0",115.0,2020,"{""type"":""MultiPoint"",""coordinates"":[]}"
"19_29006,11611_0",108.0,2020,"{""type"":""MultiPoint"",""coordinates"":[]}"
"19_29007,11611_0",114.0,2020,"{""type"":""MultiPoint"",""coordinates"":[]}"
"19_29008,11611_0",86.0,2020,"{""type"":""MultiPoint"",""coordinates"":[]}"
"19_29009,11611_0",103.0,2020,"{""type"":""MultiPoint"",""coordinates"":[]}"
"19_29010,11611_0",110.0,2020,"{""type"":""MultiPoint"",""coordinates"":[]}"
"19_29001,11612_0",103.0,2020,"{""type"":""MultiPoint"",""coordinates"":[]}"
"19_29002,11612_0",99.0,2020,"{""type"":""MultiPoint"",""coordinates"":[]}"
"19_29003,11612_0",106.0,2020,"{""type"":""MultiPoint"",""coordinates"":[]}"
"19_29004,11612_0",114.0,2020,"{""type"":""MultiPoint"",""coordinates"":[]}"
"19_29005,11612_0",116.0,2020,"{""type"":""MultiPoint"",""coordinates"":[]}"
"19_29006,11612_0",104.0,2020,"{""type"":""MultiPoint"",""coordinates"":[]}"
"19_29007,11612_0",109.0,2020,"{""type"":""MultiPoint"",""coordinates"":[]}"
"19_29008,11612_0",111.0,2020,"{""type"":""MultiPoint"",""coordinates"":[]}"
"19_29009,11612_0",112.0,2020,"{""type"":""MultiPoint"",""coordinates"":[]}"
"19_29010,11612_0",101.0,2020,"{""type"":""MultiPoint"",""coordinates"":[]}"
"19_29001,11613_0",113.0,2020,"{""type"":""MultiPoint"",""coordinates"":[]}"
"19_29002,11613_0",107.0,2020,"{""type"":""MultiPoint"",""coordinates"":[]}"
"19_29003,11613_0",111.0,2020,"{""type"":""MultiPoint"",""coordinates"":[]}"
"19_29004,11613_0",114.0,2020,"{""type"":""MultiPoint"",""coordinates"":[]}"
"19_29005,11613_0",114.0,2020,"{""type"":""MultiPoint"",""coordinates"":[]}"
"19_29006,11613_0",115.0,2020,"{""type"":""MultiPoint"",""coordinates"":[]}"
"19_29007,11613_0",115.0,2020,"{""type"":""MultiPoint"",""coordinates"":[]}"
"19_29008,11613_0",115.0,2020,"{""type"":""MultiPoint"",""coordinates"":[]}"
"19_29009,11613_0",113.0,2020,"{""type"":""MultiPoint"",""coordinates"":[]}"
"19_29010,11613_0",114.0,2020,"{""type"":""MultiPoint"",""coordinates"":[]}"
"20_29001,11604_0",93.0,2021,"{""type"":""MultiPoint"",""coordinates"":[]}"
"20_29002,11604_0",104.0,2021,"{""type"":""MultiPoint"",""coordinates"":[]}"
"20_29003,11604_0",114.0,2021,"{""type"":""MultiPoint"",""coordinates"":[]}"
"20_29004,11604_0",97.0,2021,"{""type"":""MultiPoint"",""coordinates"":[]}"
"20_29005,11604_0",94.0,2021,"{""type"":""MultiPoint"",""coordinates"":[]}"
"20_29006,11604_0",104.0,2021,"{""type"":""MultiPoint"",""coordinates"":[]}"
"20_29007,11604_0",110.0,2021,"{""type"":""MultiPoint"",""coordinates"":[]}"
"20_29008,11604_0",107.0,2021,"{""type"":""MultiPoint"",""coordinates"":[]}"
"20_29009,11604_0",102.0,2021,"{""type"":""MultiPoint"",""coordinates"":[]}"
"20_29010,11604_0",102.0,2021,"{""type"":""MultiPoint"",""coordinates"":[]}"
"20_29001,11605_0",82.0,2021,"{""type"":""MultiPoint"",""coordinates"":[]}"
"20_29002,11605_0",97.0,2021,"{""type"":""MultiPoint"",""coordinates"":[]}"
"20_29003,11605_0",95.0,2021,"{""type"":""MultiPoint"",""coordinates"":[]}"
"20_29004,11605_0",100.0,2021,"{""type"":""MultiPoint"",""coordinates"":[]}"
"20_29005,11605_0",108.0,2021,"{""type"":""MultiPoint"",""coordinates"":[]}"
"20_29006,11605_0",98.0,2021,"{""type"":""MultiPoint"",""coordinates"":[]}"
"20_29007,11605_0",107.0,2021,"{""type"":""MultiPoint"",""coordinates"":[]}"
"20_29008,11605_0",102.0,2021,"{""type"":""MultiPoint"",""coordinates"":[]}"
"20_29009,11605_0",104.0,2021,"{""type"":""MultiPoint"",""coordinates"":[]}"
"20_29010,11605_0",103.0,2021,"{""type"":""MultiPoint"",""coordinates"":[]}"
"20_29001,11606_0",113.0,2021,"{""type"":""MultiPoint"",""coordinates"":[]}"
"20_29002,11606_0",111.0,2021,"{""type"":""MultiPoint"",""coordinates"":[]}"
"20_29003,11606_0",103.0,2021,"{""type"":""MultiPoint"",""coordinates"":[]}"
"20_29004,11606_0",100.0,2021,"{""type"":""MultiPoint"",""coordinates"":[]}"
"20_29005,11606_0",97.0,2021,"{""type"":""MultiPoint"",""coordinates"":[]}"
"20_29006,11606_0",96.0,2021,"{""type"":""MultiPoint"",""coordinates"":[]}"
"20_29007,11606_0",105.0,2021,"{""type"":""MultiPoint"",""coordinates"":[]}"
"20_29008,11606_0",111.0,2021,"{""type"":""MultiPoint"",""coordinates"":[]}"
"20_29009,11606_0",102.0,2021,"{""type"":""MultiPoint"",""coordinates"":[]}"
"20_29010,11606_0",95.0,2021,"{""type"":""MultiPoint"",""coordinates"":[]}"
"20_29001,11607_0",99.0,2021,"{""type"":""MultiPoint"",""coordinates"":[]}"
"20_29002,11607_0",96.0,2021,"{""type"":""MultiPoint"",""coordinates"":[]}"
"20_29003,11607_0",96.0,2021,"{""type"":""MultiPoint"",""coordinates"":[]}"
"20_29004,11607_0",98.0,2021,"{""type"":""MultiPoint"",""coordinates"":[]}"
"20_29005,11607_0",86.0,2021,"{""type"":""MultiPoint"",""coordinates"":[]}"
"20_29006,11607_0",97.0,2021,"{""type"":""MultiPoint"",""coordinates"":[]}"
"20_29007,11607_0",105.0,2021,"{""type"":""MultiPoint"",""coordinates"":[]}"
"20_29008,11607_0",100.0,2021,"{""type"":""MultiPoint"",""coordinates"":[]}"
"20_29009,11607_0",101.0,2021,"{""type"":""MultiPoint"",""coordinates"":[]}"
"20_29010,11607_0",101.0,2021,"{""type"":""MultiPoint"",""coordinates"":[]}"
"20_29001,11608_0",105.0,2021,"{""type"":""MultiPoint"",""coordinates"":[]}"
"20_29002,11608_0",93.0,2021,"{""type"":""MultiPoint"",""coordinates"":[]}"
"20_29003,11608_0",104.0,2021,"{""type"":""MultiPoint"",""coordinates"":[]}"
"20_29004,11608_0",101.0,2021,"{""type"":""MultiPoint"",""coordinates"":[]}"
"20_29005,11608_0",96.0,2021,"{""type"":""MultiPoint"",""coordinates"":[]}"
"20_29006,11608_0",91.0,2021,"{""type"":""MultiPoint"",""coordinates"":[]}"
"20_29007,11608_0",99.0,2021,"{""type"":""MultiPoint"",""coordinates"":[]}"
"20_29008,11608_0",103.0,2021,"{""type"":""MultiPoint"",""coordinates"":[]}"
"20_29009,11608_0",108.0,2021,"{""type"":""MultiPoint"",""coordinates"":[]}"
"20_29010,11608_0",111.0,2021,"{""type"":""MultiPoint"",""coordinates"":[]}"
"20_29001,11609_0",94.0,2021,"{""type"":""MultiPoint"",""coordinates"":[]}"
"20_29002,11609_0",106.0,2021,"{""type"":""MultiPoint"",""coordinates"":[]}"
"20_29003,11609_0",107.0,2021,"{""type"":""MultiPoint"",""coordinates"":[]}"
"20_29004,11609_0",100.0,2021,"{""type"":""MultiPoint"",""coordinates"":[]}"
"20_29005,11609_0",107.0,2021,"{""type"":""MultiPoint"",""coordinates"":[]}"
"20_29006,11609_0",105.0,2021,"{""type"":""MultiPoint"",""coordinates"":[]}"
"20_29007,11609_0",109.0,2021,"{""type"":""MultiPoint"",""coordinates"":[]}"
"20_29008,11609_0",106.0,2021,"{""type"":""MultiPoint"",""coordinates"":[]}"
"20_29009,11609_0",99.0,2021,"{""type"":""MultiPoint"",""coordinates"":[]}"
"20_29010,11609_0",94.0,2021,"{""type"":""MultiPoint"",""coordinates"":[]}"
"20_29001,11610_0",114.0,2021,"{""type"":""MultiPoint"",""coordinates"":[]}"
"20_29002,11610_0",109.0,2021,"{""type"":""MultiPoint"",""coordinates"":[]}"
"20_29003,11610_0",101.0,2021,"{""type"":""MultiPoint"",""coordinates"":[]}"
"20_29004,11610_0",109.0,2021,"{""type"":""MultiPoint"",""coordinates"":[]}"
"20_29005,11610_0",114.0,2021,"{""type"":""MultiPoint"",""coordinates"":[]}"
"20_29006,11610_0",112.0,2021,"{""type"":""MultiPoint"",""coordinates"":[]}"
"20_29007,11610_0",92.0,2021,"{""type"":""MultiPoint"",""coordinates"":[]}"
"20_29008,11610_0",87.0,2021,"{""type"":""MultiPoint"",""coordinates"":[]}"
"20_29009,11610_0",103.0,2021,"{""type"":""MultiPoint"",""coordinates"":[]}"
"20_29010,11610_0",94.0,2021,"{""type"":""MultiPoint"",""coordinates"":[]}"
"20_29001,11611_0",104.0,2021,"{""type"":""MultiPoint"",""coordinates"":[]}"
"20_29002,11611_0",107.0,2021,"{""type"":""MultiPoint"",""coordinates"":[]}"
"20_29003,11611_0",105.0,2021,"{""type"":""MultiPoint"",""coordinates"":[]}"
"20_29004,11611_0",108.0,2021,"{""type"":""MultiPoint"",""coordinates"":[]}"
"20_29005,11611_0",114.0,2021,"{""type"":""MultiPoint"",""coordinates"":[]}"
"20_29006,11611_0",99.0,2021,"{""type"":""MultiPoint"",""coordinates"":[]}"
"20_29007,11611_0",97.0,2021,"{""type"":""MultiPoint"",""coordinates"":[]}"
"20_29008,11611_0",96.0,2021,"{""type"":""MultiPoint"",""coordinates"":[]}"
"20_29009,11611_0",98.0,2021,"{""type"":""MultiPoint"",""coordinates"":[]}"
"20_29010,11611_0",110.0,2021,"{""type"":""MultiPoint"",""coordinates"":[]}"
"20_29001,11612_0",99.0,2021,"{""type"":""MultiPoint"",""coordinates"":[]}"
"20_29002,11612_0",96.0,2021,"{""type"":""MultiPoint"",""coordinates"":[]}"
"20_29003,11612_0",97.0,2021,"{""type"":""MultiPoint"",""coordinates"":[]}"
"20_29004,11612_0",95.0,2021,"{""type"":""MultiPoint"",""coordinates"":[]}"
"20_29005,11612_0",107.0,2021,"{""type"":""MultiPoint"",""coordinates"":[]}"
"20_29006,11612_0",112.0,2021,"{""type"":""MultiPoint"",""coordinates"":[]}"
"20_29007,11612_0",109.0,2021,"{""type"":""MultiPoint"",""coordinates"":[]}"
"20_29008,11612_0",98.0,2021,"{""type"":""MultiPoint"",""coordinates"":[]}"
"20_29009,11612_0",109.0,2021,"{""type"":""MultiPoint"",""coordinates"":[]}"
"20_29010,11612_0",100.0,2021,"{""type"":""MultiPoint"",""coordinates"":[]}"
"20_29001,11613_0",105.0,2021,"{""type"":""MultiPoint"",""coordinates"":[]}"
"20_29002,11613_0",99.0,2021,"{""type"":""MultiPoint"",""coordinates"":[]}"
"20_29003,11613_0",100.0,2021,"{""type"":""MultiPoint"",""coordinates"":[]}"
"20_29004,11613_0",85.0,2021,"{""type"":""MultiPoint"",""coordinates"":[]}"
"20_29005,11613_0",95.0,2021,"{""type"":""MultiPoint"",""coordinates"":[]}"
"20_29006,11613_0",109.0,2021,"{""type"":""MultiPoint"",""coordinates"":[]}"
"20_29007,11613_0",109.0,2021,"{""type"":""MultiPoint"",""coordinates"":[]}"
"20_29008,11613_0",114.0,2021,"{""type"":""MultiPoint"",""coordinates"":[]}"
"20_29009,11613_0",112.0,2021,"{""type"":""MultiPoint"",""coordinates"":[]}"
"20_29010,11613_0",111.0,2021,"{""type"":""MultiPoint"",""coordinates"":[]}"
"21_29001,11604_0",116.0,2022,"{""type"":""MultiPoint"",""coordinates"":[]}"
"21_29002,11604_0",118.0,2022,"{""type"":""MultiPoint"",""coordinates"":[]}"
"21_29003,11604_0",113.0,2022,"{""type"":""MultiPoint"",""coordinates"":[]}"
"21_29004,11604_0",115.0,2022,"{""type"":""MultiPoint"",""coordinates"":[]}"
"21_29005,11604_0",114.0,2022,"{""type"":""MultiPoint"",""coordinates"":[]}"
"21_29006,11604_0",115.0,2022,"{""type"":""MultiPoint"",""coordinates"":[]}"
"21_29007,11604_0",117.0,2022,"{""type"":""MultiPoint"",""coordinates"":[]}"
"21_29008,11604_0",110.0,2022,"{""type"":""MultiPoint"",""coordinates"":[]}"
"21_29009,11604_0",111.0,2022,"{""type"":""MultiPoint"",""coordinates"":[]}"
"21_29010,11604_0",114.0,2022,"{""type"":""MultiPoint"",""coordinates"":[]}"
"21_29001,11605_0",117.0,2022,"{""type"":""MultiPoint"",""coordinates"":[]}"
"21_29002,11605_0",115.0,2022,"{""type"":""MultiPoint"",""coordinates"":[]}"
"21_29003,11605_0",113.0,2022,"{""type"":""MultiPoint"",""coordinates"":[]}"
"21_29004,11605_0",110.0,2022,"{""type"":""MultiPoint"",""coordinates"":[]}"
"21_29005,11605_0",115.0,2022,"{""type"":""MultiPoint"",""coordinates"":[]}"
"21_29006,11605_0",111.0,2022,"{""type"":""MultiPoint"",""coordinates"":[]}"
"21_29007,11605_0",118.0,2022,"{""type"":""MultiPoint"",""coordinates"":[]}"
"21_29008,11605_0",111.0,2022,"{""type"":""MultiPoint"",""coordinates"":[]}"
"21_29009,11605_0",114.0,2022,"{""type"":""MultiPoint"",""coordinates"":[]}"
"21_29010,11605_0",114.0,2022,"{""type"":""MultiPoint"",""coordinates"":[]}"
"21_29001,11606_0",115.0,2022,"{""type"":""MultiPoint"",""coordinates"":[]}"
"21_29002,11606_0",109.0,2022,"{""type"":""MultiPoint"",""coordinates"":[]}"
"21_29003,11606_0",110.0,2022,"{""type"":""MultiPoint"",""coordinates"":[]}"
"21_29004,11606_0",112.0,2022,"{""type"":""MultiPoint"",""coordinates"":[]}"
"21_29005,11606_0",114.0,2022,"{""type"":""MultiPoint"",""coordinates"":[]}"
"21_29006,11606_0",117.0,2022,"{""type"":""MultiPoint"",""coordinates"":[]}"
"21_29007,11606_0",112.0,2022,"{""type"":""MultiPoint"",""coordinates"":[]}"
"21_29008,11606_0",114.0,2022,"{""type"":""MultiPoint"",""coordinates"":[]}"
"21_29009,11606_0",110.0,2022,"{""type"":""MultiPoint"",""coordinates"":[]}"
"21_29010,11606_0",117.0,2022,"{""type"":""MultiPoint"",""coordinates"":[]}"
"21_29001,11607_0",110.0,2022,"{""type"":""MultiPoint"",""coordinates"":[]}"
"21_29002,11607_0",104.0,2022,"{""type"":""MultiPoint"",""coordinates"":[]}"
"21_29003,11607_0",110.0,2022,"{""type"":""MultiPoint"",""coordinates"":[]}"
"21_29004,11607_0",114.0,2022,"{""type"":""MultiPoint"",""coordinates"":[]}"
"21_29005,11607_0",116.0,2022,"{""type"":""MultiPoint"",""coordinates"":[]}"
"21_29006,11607_0",113.0,2022,"{""type"":""MultiPoint"",""coordinates"":[]}"
"21_29007,11607_0",110.0,2022,"{""type"":""MultiPoint"",""coordinates"":[]}"
"21_29008,11607_0",113.0,2022,"{""type"":""MultiPoint"",""coordinates"":[]}"
"21_29009,11607_0",115.0,2022,"{""type"":""MultiPoint"",""coordinates"":[]}"
"21_29010,11607_0",116.0,2022,"{""type"":""MultiPoint"",""coordinates"":[]}"
"21_29001,11608_0",108.0,2022,"{""type"":""MultiPoint"",""coordinates"":[]}"
"21_29002,11608_0",104.0,2022,"{""type"":""MultiPoint"",""coordinates"":[]}"
"21_29003,11608_0",109.0,2022,"{""type"":""MultiPoint"",""coordinates"":[]}"
"21_29004,11608_0",108.0,2022,"{""type"":""MultiPoint"",""coordinates"":[]}"
"21_29005,11608_0",109.0,2022,"{""type"":""MultiPoint"",""coordinates"":[]}"
"21_29006,11608_0",107.0,2022,"{""type"":""MultiPoint"",""coordinates"":[]}"
"21_29007,11608_0",113.0,2022,"{""type"":""MultiPoint"",""coordinates"":[]}"
"21_29008,11608_0",114.0,2022,"{""type"":""MultiPoint"",""coordinates"":[]}"
"21_29009,11608_0",120.0,2022,"{""type"":""MultiPoint"",""coordinates"":[]}"
"21_29010,11608_0",112.0,2022,"{""type"":""MultiPoint"",""coordinates"":[]}"
"21_29001,11609_0",115.0,2022,"{""type"":""MultiPoint"",""coordinates"":[]}"
"21_29002,11609_0",106.0,2022,"{""type"":""MultiPoint"",""coordinates"":[]}"
"21_29003,11609_0",100.0,2022,"{""type"":""MultiPoint"",""coordinates"":[]}"
"21_29004,11609_0",111.0,2022,"{""type"":""MultiPoint"",""coordinates"":[]}"
"21_29005,11609_0",105.0,2022,"{""type"":""MultiPoint"",""coordinates"":[]}"
"21_29006,11609_0",109.0,2022,"{""type"":""MultiPoint"",""coordinates"":[]}"
"21_29007,11609_0",111.0,2022,"{""type"":""MultiPoint"",""coordinates"":[]}"
"21_29008,11609_0",114.0,2022,"{""type"":""MultiPoint"",""coordinates"":[]}"
"21_29009,11609_0",106.0,2022,"{""type"":""MultiPoint"",""coordinates"":[]}"
"21_29010,11609_0",109.0,2022,"{""type"":""MultiPoint"",""coordinates"":[]}"
"21_29001,11610_0",110.0,2022,"{""type"":""MultiPoint"",""coordinates"":[]}"
"21_29002,11610_0",115.0,2022,"{""type"":""MultiPoint"",""coordinates"":[]}"
"21_29003,11610_0",117.0,2022,"{""type"":""MultiPoint"",""coordinates"":[]}"
"21_29004,11610_0",115.0,2022,"{""type"":""MultiPoint"",""coordinates"":[]}"
"21_29005,11610_0",112.0,2022,"{""type"":""MultiPoint"",""coordinates"":[]}"
"21_29006,11610_0",111.0,2022,"{""type"":""MultiPoint"",""coordinates"":[]}"
"21_29007,11610_0",106.0,2022,"{""type"":""MultiPoint"",""coordinates"":[]}"
"21_29008,11610_0",99.0,2022,"{""type"":""MultiPoint"",""coordinates"":[]}"
"21_29009,11610_0",106.0,2022,"{""type"":""MultiPoint"",""coordinates"":[]}"
"21_29010,11610_0",108.0,2022,"{""type"":""MultiPoint"",""coordinates"":[]}"
"21_29001,11611_0",117.0,2022,"{""type"":""MultiPoint"",""coordinates"":[]}"
"21_29002,11611_0",112.0,2022,"{""type"":""MultiPoint"",""coordinates"":[]}"
"21_29003,11611_0",117.0,2022,"{""type"":""MultiPoint"",""coordinates"":[]}"
"21_29004,11611_0",116.0,2022,"{""type"":""MultiPoint"",""coordinates"":[]}"
"21_29005,11611_0",105.0,2022,"{""type"":""MultiPoint"",""coordinates"":[]}"
"21_29006,11611_0",114.0,2022,"{""type"":""MultiPoint"",""coordinates"":[]}"
"21_29007,11611_0",109.0,2022,"{""type"":""MultiPoint"",""coordinates"":[]}"
"21_29008,11611_0",107.0,2022,"{""type"":""MultiPoint"",""coordinates"":[]}"
"21_29009,11611_0",110.0,2022,"{""type"":""MultiPoint"",""coordinates"":[]}"
"21_29010,11611_0",103.0,2022,"{""type"":""MultiPoint"",""coordinates"":[]}"
"21_29001,11612_0",95.0,2022,"{""type"":""MultiPoint"",""coordinates"":[]}"
"21_29002,11612_0",93.0,2022,"{""type"":""MultiPoint"",""coordinates"":[]}"
"21_29003,11612_0",97.0,2022,"{""type"":""MultiPoint"",""coordinates"":[]}"
"21_29004,11612_0",106.0,2022,"{""type"":""MultiPoint"",""coordinates"":[]}"
"21_29005,11612_0",113.0,2022,"{""type"":""MultiPoint"",""coordinates"":[]}"
"21_29006,11612_0",114.0,2022,"{""type"":""MultiPoint"",""coordinates"":[]}"
"21_29007,11612_0",112.0,2022,"{""type"":""MultiPoint"",""coordinates"":[]}"
"21_29008,11612_0",113.0,2022,"{""type"":""MultiPoint"",""coordinates"":[]}"
"21_29009,11612_0",116.0,2022,"{""type"":""MultiPoint"",""coordinates"":[]}"
"21_29010,11612_0",114.0,2022,"{""type"":""MultiPoint"",""coordinates"":[]}"
"21_29001,11613_0",114.0,2022,"{""type"":""MultiPoint"",""coordinates"":[]}"
"21_29002,11613_0",100.0,2022,"{""type"":""MultiPoint"",""coordinates"":[]}"
"21_29003,11613_0",103.0,2022,"{""type"":""MultiPoint"",""coordinates"":[]}"
"21_29004,11613_0",100.0,2022,"{""type"":""MultiPoint"",""coordinates"":[]}"
"21_29005,11613_0",115.0,2022,"{""type"":""MultiPoint"",""coordinates"":[]}"
"21_29006,11613_0",116.0,2022,"{""type"":""MultiPoint"",""coordinates"":[]}"
"21_29007,11613_0",117.0,2022,"{""type"":""MultiPoint"",""coordinates"":[]}"
"21_29008,11613_0",117.0,2022,"{""type"":""MultiPoint"",""coordinates"":[]}"
"21_29009,11613_0",116.0,2022,"{""type"":""MultiPoint"",""coordinates"":[]}"
"21_29010,11613_0",115.0,2022,"{""type"":""MultiPoint"",""coordinates"":[]}"
"22_29001,11604_0",107.0,2023,"{""type"":""MultiPoint"",""coordinates"":[]}"
"22_29002,11604_0",108.0,2023,"{""type"":""MultiPoint"",""coordinates"":[]}"
"22_29003,11604_0",103.0,2023,"{""type"":""MultiPoint"",""coordinates"":[]}"
"22_29004,11604_0",103.0,2023,"{""type"":""MultiPoint"",""coordinates"":[]}"
"22_29005,11604_0",103.0,2023,"{""type"":""MultiPoint"",""coordinates"":[]}"
"22_29006,11604_0",109.0,2023,"{""type"":""MultiPoint"",""coordinates"":[]}"
"22_29007,11604_0",108.0,2023,"{""type"":""MultiPoint"",""coordinates"":[]}"
"22_29008,11604_0",107.0,2023,"{""type"":""MultiPoint"",""coordinates"":[]}"
"22_29009,11604_0",110.0,2023,"{""type"":""MultiPoint"",""coordinates"":[]}"
"22_29010,11604_0",106.0,2023,"{""type"":""MultiPoint"",""coordinates"":[]}"
"22_29001,11605_0",109.0,2023,"{""type"":""MultiPoint"",""coordinates"":[]}"
"22_29002,11605_0",108.0,2023,"{""type"":""MultiPoint"",""coordinates"":[]}"
"22_29003,11605_0",104.0,2023,"{""type"":""MultiPoint"",""coordinates"":[]}"
"22_29004,11605_0",104.0,2023,"{""type"":""MultiPoint"",""coordinates"":[]}"
"22_29005,11605_0",112.0,2023,"{""type"":""MultiPoint"",""coordinates"":[]}"
"22_29006,11605_0",109.0,2023,"{""type"":""MultiPoint"",""coordinates"":[]}"
"22_29007,11605_0",107.0,2023,"{""type"":""MultiPoint"",""coordinates"":[]}"
"22_29008,11605_0",106.0,2023,"{""type"":""MultiPoint"",""coordinates"":[]}"
"22_29009,11605_0",107.0,2023,"{""type"":""MultiPoint"",""coordinates"":[]}"
"22_29010,11605_0",112.0,2023,"{""type"":""MultiPoint"",""coordinates"":[]}"
"22_29001,11606_0",107.0,2023,"{""type"":""MultiPoint"",""coordinates"":[]}"
"22_29002,11606_0",107.0,2023,"{""type"":""MultiPoint"",""coordinates"":[]}"
"22_29003,11606_0",109.0,2023,"{""type"":""MultiPoint"",""coordinates"":[]}"
"22_29004,11606_0",105.0,2023,"{""type"":""MultiPoint"",""coordinates"":[]}"
"22_29005,11606_0",108.0,2023,"{""type"":""MultiPoint"",""coordinates"":[]}"
"22_29006,11606_0",111.0,2023,"{""type"":""MultiPoint"",""coordinates"":[]}"
"22_29007,11606_0",108.0,2023,"{""type"":""MultiPoint"",""coordinates"":[]}"
"22_29008,11606_0",104.0,2023,"{""type"":""MultiPoint"",""coordinates"":[]}"
"22_29009,11606_0",112.0,2023,"{""type"":""MultiPoint"",""coordinates"":[]}"
"22_29010,11606_0",113.0,2023,"{""type"":""MultiPoint"",""coordinates"":[]}"
"22_29001,11607_0",105.0,2023,"{""type"":""MultiPoint"",""coordinates"":[]}"
"22_29002,11607_0",104.0,2023,"{""type"":""MultiPoint"",""coordinates"":[]}"
"22_29003,11607_0",102.0,2023,"{""type"":""MultiPoint"",""coordinates"":[]}"
"22_29004,11607_0",101.0,2023,"{""type"":""MultiPoint"",""coordinates"":[]}"
"22_29005,11607_0",108.0,2023,"{""type"":""MultiPoint"",""coordinates"":[]}"
"22_29006,11607_0",109.0,2023,"{""type"":""MultiPoint"",""coordinates"":[]}"
"22_29007,11607_0",108.0,2023,"{""type"":""MultiPoint"",""coordinates"":[]}"
"22_29008,11607_0",115.0,2023,"{""type"":""MultiPoint"",""coordinates"":[]}"
"22_29009,11607_0",111.0,2023,"{""type"":""MultiPoint"",""coordinates"":[]}"
"22_29010,11607_0",116.0,2023,"{""type"":""MultiPoint"",""coordinates"":[]}"
"22_29001,11608_0",105.0,2023,"{""type"":""MultiPoint"",""coordinates"":[]}"
"22_29002,11608_0",99.0,2023,"{""type"":""MultiPoint"",""coordinates"":[]}"
"22_29003,11608_0",106.0,2023,"{""type"":""MultiPoint"",""coordinates"":[]}"
"22_29004,11608_0",105.0,2023,"{""type"":""MultiPoint"",""coordinates"":[]}"
"22_29005,11608_0",102.0,2023,"{""type"":""MultiPoint"",""coordinates"":[]}"
"22_29006,11608_0",102.0,2023,"{""type"":""MultiPoint"",""coordinates"":[]}"
"22_29007,11608_0",110.0,2023,"{""type"":""MultiPoint"",""coordinates"":[]}"
"22_29008,11608_0",112.0,2023,"{""type"":""MultiPoint"",""coordinates"":[]}"
"22_29009,11608_0",114.0,2023,"{""type"":""MultiPoint"",""coordinates"":[]}"
"22_29010,11608_0",113.0,2023,"{""type"":""MultiPoint"",""coordinates"":[]}"
"22_29001,11609_0",103.0,2023,"{""type"":""MultiPoint"",""coordinates"":[]}"
"22_29002,11609_0",101.0,2023,"{""type"":""MultiPoint"",""coordinates"":[]}"
"22_29003,11609_0",103.0,2023,"{""type"":""MultiPoint"",""coordinates"":[]}"
"22_29004,11609_0",108.0,2023,"{""type"":""MultiPoint"",""coordinates"":[]}"
"22_29005,11609_0",107.0,2023,"{""type"":""MultiPoint"",""coordinates"":[]}"
"22_29006,11609_0",104.0,2023,"{""type"":""MultiPoint"",""coordinates"":[]}"
"22_29007,11609_0",111.0,2023,"{""type"":""MultiPoint"",""coordinates"":[]}"
"22_29008,11609_0",113.0,2023,"{""type"":""MultiPoint"",""coordinates"":[]}"
"22_29009,11609_0",111.0,2023,"{""type"":""MultiPoint"",""coordinates"":[]}"
"22_29010,11609_0",110.0,2023,"{""type"":""MultiPoint"",""coordinates"":[]}"
"22_29001,11610_0",115.0,2023,"{""type"":""MultiPoint"",""coordinates"":[]}"
"22_29002,11610_0",112.0,2023,"{""type"":""MultiPoint"",""coordinates"":[]}"
"22_29003,11610_0",113.0,2023,"{""type"":""MultiPoint"",""coordinates"":[]}"
"22_29004,11610_0",114.0,2023,"{""type"":""MultiPoint"",""coordinates"":[]}"
"22_29005,11610_0",113.0,2023,"{""type"":""MultiPoint"",""coordinates"":[]}"
"22_29006,11610_0",111.0,2023,"{""type"":""MultiPoint"",""coordinates"":[]}"
"22_29007,11610_0",104.0,2023,"{""type"":""MultiPoint"",""coordinates"":[]}"
"22_29008,11610_0",106.0,2023,"{""type"":""MultiPoint"",""coordinates"":[]}"
"22_29009,11610_0",114.0,2023,"{""type"":""MultiPoint"",""coordinates"":[]}"
"22_29010,11610_0",114.0,2023,"{""type"":""MultiPoint"",""coordinates"":[]}"
"22_29001,11611_0",108.0,2023,"{""type"":""MultiPoint"",""coordinates"":[]}"
"22_29002,11611_0",105.0,2023,"{""type"":""MultiPoint"",""coordinates"":[]}"
"22_29003,11611_0",113.0,2023,"{""type"":""MultiPoint"",""coordinates"":[]}"
"22_29004,11611_0",113.0,2023,"{""type"":""MultiPoint"",""coordinates"":[]}"
"22_29005,11611_0",112.0,2023,"{""type"":""MultiPoint"",""coordinates"":[]}"
"22_29006,11611_0",106.0,2023,"{""type"":""MultiPoint"",""coordinates"":[]}"
"22_29007,11611_0",106.0,2023,"{""type"":""MultiPoint"",""coordinates"":[]}"
"22_29008,11611_0",111.0,2023,"{""type"":""MultiPoint"",""coordinates"":[]}"
"22_29009,11611_0",114.0,2023,"{""type"":""MultiPoint"",""coordinates"":[]}"
"22_29010,11611_0",113.0,2023,"{""type"":""MultiPoint"",""coordinates"":[]}"
"22_29001,11612_0",94.0,2023,"{""type"":""MultiPoint"",""coordinates"":[]}"
"22_29002,11612_0",98.0,2023,"{""type"":""MultiPoint"",""coordinates"":[]}"
"22_29003,11612_0",101.0,2023,"{""type"":""MultiPoint"",""coordinates"":[]}"
"22_29004,11612_0",105.0,2023,"{""type"":""MultiPoint"",""coordinates"":[]}"
"22_29005,11612_0",113.0,2023,"{""type"":""MultiPoint"",""coordinates"":[]}"
"22_29006,11612_0",109.0,2023,"{""type"":""MultiPoint"",""coordinates"":[]}"
"22_29007,11612_0",110.0,2023,"{""type"":""MultiPoint"",""coordinates"":[]}"
"22_29008,11612_0",112.0,2023,"{""type"":""MultiPoint"",""coordinates"":[]}"
"22_29009,11612_0",114.0,2023,"{""type"":""MultiPoint"",""coordinates"":[]}"
"22_29010,11612_0",112.0,2023,"{""type"":""MultiPoint"",""coordinates"":[]}"
"22_29001,11613_0",109.0,2023,"{""type"":""MultiPoint"",""coordinates"":[]}"
"22_29002,11613_0",108.0,2023,"{""type"":""MultiPoint"",""coordinates"":[]}"
"22_29003,11613_0",100.0,2023,"{""type"":""MultiPoint"",""coordinates"":[]}"
"22_29004,11613_0",96.0,2023,"{""type"":""MultiPoint"",""coordinates"":[]}"
"22_29005,11613_0",105.0,2023,"{""type"":""MultiPoint"",""coordinates"":[]}"
"22_29006,11613_0",112.0,2023,"{""type"":""MultiPoint"",""coordinates"":[]}"
"22_29007,11613_0",110.0,2023,"{""type"":""MultiPoint"",""coordinates"":[]}"
"22_29008,11613_0",113.0,2023,"{""type"":""MultiPoint"",""coordinates"":[]}"
"22_29009,11613_0",114.0,2023,"{""type"":""MultiPoint"",""coordinates"":[]}"
"22_29010,11613_0",112.0,2023,"{""type"":""MultiPoint"",""coordinates"":[]}"
"23_29001,11604_0",105.0,2024,"{""type"":""MultiPoint"",""coordinates"":[]}"
"23_29002,11604_0",107.0,2024,"{""type"":""MultiPoint"",""coordinates"":[]}"
"23_29003,11604_0",103.0,2024,"{""type"":""MultiPoint"",""coordinates"":[]}"
"23_29004,11604_0",104.0,2024,"{""type"":""MultiPoint"",""coordinates"":[]}"
"23_29005,11604_0",107.0,2024,"{""type"":""MultiPoint"",""coordinates"":[]}"
"23_29006,11604_0",103.0,2024,"{""type"":""MultiPoint"",""coordinates"":[]}"
"23_29007,11604_0",106.0,2024,"{""type"":""MultiPoint"",""coordinates"":[]}"
"23_29008,11604_0",104.0,2024,"{""type"":""MultiPoint"",""coordinates"":[]}"
"23_29009,11604_0",106.0,2024,"{""type"":""MultiPoint"",""coordinates"":[]}"
"23_29010,11604_0",107.0,2024,"{""type"":""MultiPoint"",""coordinates"":[]}"
"23_29001,11605_0",106.0,2024,"{""type"":""MultiPoint"",""coordinates"":[]}"
"23_29002,11605_0",105.0,2024,"{""type"":""MultiPoint"",""coordinates"":[]}"
"23_29003,11605_0",104.0,2024,"{""type"":""MultiPoint"",""coordinates"":[]}"
"23_29004,11605_0",104.0,2024,"{""type"":""MultiPoint"",""coordinates"":[]}"
"23_29005,11605_0",101.0,2024,"{""type"":""MultiPoint"",""coordinates"":[]}"
"23_29006,11605_0",108.0,2024,"{""type"":""MultiPoint"",""coordinates"":[]}"
"23_29007,11605_0",104.0,2024,"{""type"":""MultiPoint"",""coordinates"":[]}"
"23_29008,11605_0",105.0,2024,"{""type"":""MultiPoint"",""coordinates"":[]}"
"23_29009,11605_0",103.0,2024,"{""type"":""MultiPoint"",""coordinates"":[]}"
"23_29010,11605_0",107.0,2024,"{""type"":""MultiPoint"",""coordinates"":[]}"
"23_29001,11606_0",105.0,2024,"{""type"":""MultiPoint"",""coordinates"":[]}"
"23_29002,11606_0",104.0,2024,"{""type"":""MultiPoint"",""coordinates"":[]}"
"23_29003,11606_0",107.0,2024,"{""type"":""MultiPoint"",""coordinates"":[]}"
"23_29004,11606_0",102.0,2024,"{""type"":""MultiPoint"",""coordinates"":[]}"
"23_29005,11606_0",106.0,2024,"{""type"":""MultiPoint"",""coordinates"":[]}"
"23_29006,11606_0",107.0,2024,"{""type"":""MultiPoint"",""coordinates"":[]}"
"23_29007,11606_0",103.0,2024,"{""type"":""MultiPoint"",""coordinates"":[]}"
"23_29008,11606_0",102.0,2024,"{""type"":""MultiPoint"",""coordinates"":[]}"
"23_29009,11606_0",101.0,2024,"{""type"":""MultiPoint"",""coordinates"":[]}"
"23_29010,11606_0",100.0,2024,"{""type"":""MultiPoint"",""coordinates"":[]}"
"23_29001,11607_0",102.0,2024,"{""type"":""MultiPoint"",""coordinates"":[]}"
"23_29002,11607_0",98.0,2024,"{""type"":""MultiPoint"",""coordinates"":[]}"
"23_29003,11607_0",102.0,2024,"{""type"":""MultiPoint"",""coordinates"":[]}"
"23_29004,11607_0",104.0,2024,"{""type"":""MultiPoint"",""coordinates"":[]}"
"23_29005,11607_0",106.0,2024,"{""type"":""MultiPoint"",""coordinates"":[]}"
"23_29006,11607_0",105.0,2024,"{""type"":""MultiPoint"",""coordinates"":[]}"
"23_29007,11607_0",105.0,2024,"{""type"":""MultiPoint"",""coordinates"":[]}"
"23_29008,11607_0",105.0,2024,"{""type"":""MultiPoint"",""coordinates"":[]}"
"23_29009,11607_0",107.0,2024,"{""type"":""MultiPoint"",""coordinates"":[]}"
"23_29010,11607_0",109.0,2024,"{""type"":""MultiPoint"",""coordinates"":[]}"
"23_29001,11608_0",102.0,2024,"{""type"":""MultiPoint"",""coordinates"":[]}"
"23_29002,11608_0",102.0,2024,"{""type"":""MultiPoint"",""coordinates"":[]}"
"23_29003,11608_0",106.0,2024,"{""type"":""MultiPoint"",""coordinates"":[]}"
"23_29004,11608_0",99.0,2024,"{""type"":""MultiPoint"",""coordinates"":[]}"
"23_29005,11608_0",101.0,2024,"{""type"":""MultiPoint"",""coordinates"":[]}"
"23_29006,11608_0",100.0,2024,"{""type"":""MultiPoint"",""coordinates"":[]}"
"23_29007,11608_0",94.0,2024,"{""type"":""MultiPoint"",""coordinates"":[]}"
"23_29008,11608_0",104.0,2024,"{""type"":""MultiPoint"",""coordinates"":[]}"
"23_29009,11608_0",108.0,2024,"{""type"":""MultiPoint"",""coordinates"":[]}"
"23_29010,11608_0",102.0,2024,"{""type"":""MultiPoint"",""coordinates"":[]}"
"23_29001,11609_0",103.0,2024,"{""type"":""MultiPoint"",""coordinates"":[]}"
"23_29002,11609_0",101.0,2024,"{""type"":""MultiPoint"",""coordinates"":[]}"
"23_29003,11609_0",106.0,2024,"{""type"":""MultiPoint"",""coordinates"":[]}"
"23_29004,11609_0",105.0,2024,"{""type"":""MultiPoint"",""coordinates"":[]}"
"23_29005,11609_0",104.0,2024,"{""type"":""MultiPoint"",""coordinates"":[]}"
"23_29006,11609_0",104.0,2024,"{""type"":""MultiPoint"",""coordinates"":[]}"
"23_29007,11609_0",102.0,2024,"{""type"":""MultiPoint"",""coordinates"":[]}"
"23_29008,11609_0",107.0,2024,"{""type"":""MultiPoint"",""coordinates"":[]}"
"23_29009,11609_0",101.0,2024,"{""type"":""MultiPoint"",""coordinates"":[]}"
"23_29010,11609_0",106.0,2024,"{""type"":""MultiPoint"",""coordinates"":[]}"
"23_29001,11610_0",105.0,2024,"{""type"":""MultiPoint"",""coordinates"":[]}"
"23_29002,11610_0",109.0,2024,"{""type"":""MultiPoint"",""coordinates"":[]}"
"23_29003,11610_0",109.0,2024,"{""type"":""MultiPoint"",""coordinates"":[]}"
"23_29004,11610_0",107.0,2024,"{""type"":""MultiPoint"",""coordinates"":[]}"
"23_29005,11610_0",109.0,2024,"{""type"":""MultiPoint"",""coordinates"":[]}"
"23_29006,11610_0",107.0,2024,"{""type"":""MultiPoint"",""coordinates"":[]}"
"23_29007,11610_0",100.0,2024,"{""type"":""MultiPoint"",""coordinates"":[]}"
"23_29008,11610_0",94.0,2024,"{""type"":""MultiPoint"",""coordinates"":[]}"
"23_29009,11610_0",98.0,2024,"{""type"":""MultiPoint"",""coordinates"":[]}"
"23_29010,11610_0",106.0,2024,"{""type"":""MultiPoint"",""coordinates"":[]}"
"23_29001,11611_0",106.0,2024,"{""type"":""MultiPoint"",""coordinates"":[]}"
"23_29002,11611_0",108.0,2024,"{""type"":""MultiPoint"",""coordinates"":[]}"
"23_29003,11611_0",107.0,2024,"{""type"":""MultiPoint"",""coordinates"":[]}"
"23_29004,11611_0",108.0,2024,"{""type"":""MultiPoint"",""coordinates"":[]}"
"23_29005,11611_0",109.0,2024,"{""type"":""MultiPoint"",""coordinates"":[]}"
"23_29006,11611_0",108.0,2024,"{""type"":""MultiPoint"",""coordinates"":[]}"
"23_29007,11611_0",103.0,2024,"{""type"":""MultiPoint"",""coordinates"":[]}"
"23_29008,11611_0",107.0,2024,"{""type"":""MultiPoint"",""coordinates"":[]}"
"23_29009,11611_0",106.0,2024,"{""type"":""MultiPoint"",""coordinates"":[]}"
"23_29010,11611_0",103.0,2024,"{""type"":""MultiPoint"",""coordinates"":[]}"
"23_29001,11612_0",92.0,2024,"{""type"":""MultiPoint"",""coordinates"":[]}"
"23_29002,11612_0",96.0,2024,"{""type"":""MultiPoint"",""coordinates"":[]}"
"23_29003,11612_0",101.0,2024,"{""type"":""MultiPoint"",""coordinates"":[]}"
"23_29004,11612_0",92.0,2024,"{""type"":""MultiPoint"",""coordinates"":[]}"
"23_29005,11612_0",108.0,2024,"{""type"":""MultiPoint"",""coordinates"":[]}"
"23_29006,11612_0",107.0,2024,"{""type"":""MultiPoint"",""coordinates"":[]}"
"23_29007,11612_0",105.0,2024,"{""type"":""MultiPoint"",""coordinates"":[]}"
"23_29008,11612_0",103.0,2024,"{""type"":""MultiPoint"",""coordinates"":[]}"
"23_29009,11612_0",106.0,2024,"{""type"":""MultiPoint"",""coordinates"":[]}"
"23_29010,11612_0",109.0,2024,"{""type"":""MultiPoint"",""coordinates"":[]}"
"23_29001,11613_0",102.0,2024,"{""type"":""MultiPoint"",""coordinates"":[]}"
"23_29002,11613_0",101.0,2024,"{""type"":""MultiPoint"",""coordinates"":[]}"
"23_29003,11613_0",102.0,2024,"{""type"":""MultiPoint"",""coordinates"":[]}"
"23_29004,11613_0",100.0,2024,"{""type"":""MultiPoint"",""coordinates"":[]}"
"23_29005,11613_0",103.0,2024,"{""type"":""MultiPoint"",""coordinates"":[]}"
"23_29006,11613_0",109.0,2024,"{""type"":""MultiPoint"",""coordinates"":[]}"
"23_29007,11613_0",105.0,2024,"{""type"":""MultiPoint"",""coordinates"":[]}"
"23_29008,11613_0",106.0,2024,"{""type"":""MultiPoint"",""coordinates"":[]}"
"23_29009,11613_0",106.0,2024,"{""type"":""MultiPoint"",""coordinates"":[]}"
"23_29010,11613_0",104.0,2024,"{""type"":""MultiPoint"",""coordinates"":[]}"
