temp,rate
17.606823517706964, 0.036694247765599375
19.77648677989776, 0.05491244309752358
24.724317438518007, 0.06289372319475156
25.2841587992419, 0.07028765561309341
27.665357352916764, 0.0787928432851907
29.61221943799324, 0.08428380667935331
30.737783829601277, 0.0899041082929598
31.614357517759608, 0.08361791968350177
