temp,rate
13.346933724199541, 0.010703791221753411
17.82945496594746, 0.018187171028460264
20.00684531521323, 0.02287128100212324
25.034942046865286, 0.032949441352665226
25.628976180623514, 0.0317320194453361
28.013118253787173, 0.03614475327859659
30.10948636931443, 0.0368835832324584
31.11888030753642, 0.03727585460086397
32.072660893913095, 0.033184444504604144
